Data;Time;TaskName;Completion Time in seconds; 2025.12.03;02.10.04;Set Property;0.00;
2025.12.03;02.10.04;Set Property;0.00;
2025.12.03;02.10.04;Set Property;0.00;
2025.12.03;02.10.05;Set Property;0.00;
2025.12.03;02.10.05;Set Property;0.00;
2025.12.03;02.10.05;Set Title;0.00;
2025.12.03;02.10.06;Export Ascii;0.39;
2025.12.03;02.10.07;Export Ascii;0.49;
2025.12.03;02.10.07;Export Ascii;0.37;
2025.12.03;02.10.08;Export Ascii;0.38;
2025.12.03;02.10.08;Set Title;0.00;
2025.12.03;02.10.09;Export Ascii;0.39;
2025.12.03;02.10.09;Export Ascii;0.38;
2025.12.03;02.10.10;Export Ascii;0.40;
2025.12.03;02.10.10;Export Ascii;0.40;
2025.12.03;02.10.10;Set Title;0.00;
2025.12.03;02.10.11;Export Ascii;0.38;
2025.12.03;02.10.12;Export Ascii;0.37;
2025.12.03;02.10.12;Export Ascii;0.40;
2025.12.03;02.10.13;Export Ascii;0.36;
2025.12.03;02.10.13;Set Title;0.00;
2025.12.03;02.10.14;Export Ascii;0.37;
2025.12.03;02.10.14;Export Ascii;0.37;
2025.12.03;02.10.15;Export Ascii;0.38;
2025.12.03;02.10.15;Export Ascii;0.38;
2025.12.03;02.10.16;Set Title;0.00;
2025.12.03;02.10.16;Export Ascii;0.39;
2025.12.03;02.10.17;Export Ascii;0.44;
2025.12.03;02.10.17;Export Ascii;0.40;
2025.12.03;02.10.18;Export Ascii;0.39;
2025.12.03;02.10.18;Set Title;0.00;
2025.12.03;02.10.19;Export Ascii;0.49;
2025.12.03;02.10.19;Export Ascii;0.48;
2025.12.03;02.10.20;Export Ascii;0.37;
2025.12.03;02.10.20;Export Ascii;0.37;
Data;Time;TaskName;Completion Time in seconds; Data;Time;TaskName;Completion Time in seconds; 2025.12.03;02.35.38;Set Property;0.00;
2025.12.03;02.35.39;Set Property;0.00;
2025.12.03;02.35.39;Set Property;0.00;
2025.12.03;02.35.39;Set Property;0.00;
2025.12.03;02.35.39;Set Property;0.00;
2025.12.03;02.35.40;Set Title;0.00;
2025.12.03;02.35.41;Export Ascii;0.37;
2025.12.03;02.35.41;Export Ascii;0.38;
2025.12.03;02.35.42;Export Ascii;0.44;
2025.12.03;02.35.42;Export Ascii;0.37;
2025.12.03;02.35.43;Set Title;0.00;
2025.12.03;02.35.43;Export Ascii;0.41;
2025.12.03;02.35.44;Export Ascii;0.40;
2025.12.03;02.35.44;Export Ascii;0.42;
2025.12.03;02.35.45;Export Ascii;0.38;
2025.12.03;02.35.45;Set Title;0.00;
2025.12.03;02.35.46;Export Ascii;0.38;
2025.12.03;02.35.46;Export Ascii;0.40;
2025.12.03;02.35.47;Export Ascii;0.46;
2025.12.03;02.35.47;Export Ascii;0.40;
2025.12.03;02.35.48;Set Title;0.00;
2025.12.03;02.35.48;Export Ascii;0.49;
2025.12.03;02.35.49;Export Ascii;0.40;
2025.12.03;02.35.49;Export Ascii;0.37;
2025.12.03;02.35.50;Export Ascii;0.38;
2025.12.03;02.35.50;Set Title;0.00;
2025.12.03;02.35.51;Export Ascii;0.39;
2025.12.03;02.35.51;Export Ascii;0.38;
2025.12.03;02.35.52;Export Ascii;0.39;
2025.12.03;02.35.52;Export Ascii;0.39;
2025.12.03;02.35.53;Set Title;0.00;
2025.12.03;02.35.53;Export Ascii;0.45;
2025.12.03;02.35.54;Export Ascii;0.38;
2025.12.03;02.35.54;Export Ascii;0.38;
2025.12.03;02.35.55;Export Ascii;0.38;
Data;Time;TaskName;Completion Time in seconds; 2025.12.03;02.38.50;Set Property;0.00;
2025.12.03;02.38.51;Set Property;0.00;
2025.12.03;02.38.51;Set Property;0.00;
2025.12.03;02.38.51;Set Property;0.00;
2025.12.03;02.38.51;Set Property;0.00;
2025.12.03;02.38.52;Set Title;0.00;
2025.12.03;02.38.53;Export Ascii;0.43;
2025.12.03;02.38.53;Export Ascii;0.32;
2025.12.03;02.38.54;Export Ascii;0.33;
2025.12.03;02.38.54;Export Ascii;0.35;
2025.12.03;02.38.55;Set Title;0.00;
2025.12.03;02.38.55;Export Ascii;0.35;
2025.12.03;02.38.56;Export Ascii;0.37;
2025.12.03;02.38.56;Export Ascii;0.36;
2025.12.03;02.38.57;Export Ascii;0.36;
2025.12.03;02.38.57;Set Title;0.00;
2025.12.03;02.38.58;Export Ascii;0.35;
2025.12.03;02.38.58;Export Ascii;0.35;
2025.12.03;02.38.59;Export Ascii;0.36;
2025.12.03;02.38.59;Export Ascii;0.36;
2025.12.03;02.39.00;Set Title;0.00;
2025.12.03;02.39.00;Export Ascii;0.34;
2025.12.03;02.39.01;Export Ascii;0.37;
2025.12.03;02.39.01;Export Ascii;0.33;
2025.12.03;02.39.02;Export Ascii;0.34;
2025.12.03;02.39.02;Set Title;0.00;
2025.12.03;02.39.03;Export Ascii;0.34;
2025.12.03;02.39.03;Export Ascii;0.35;
2025.12.03;02.39.04;Export Ascii;0.35;
2025.12.03;02.39.04;Export Ascii;0.44;
2025.12.03;02.39.05;Set Title;0.00;
2025.12.03;02.39.05;Export Ascii;0.38;
2025.12.03;02.39.06;Export Ascii;0.35;
2025.12.03;02.39.06;Export Ascii;0.43;
2025.12.03;02.39.07;Export Ascii;0.35;
Data;Time;TaskName;Completion Time in seconds; 2025.12.03;02.48.30;Set Property;0.00;
2025.12.03;02.48.31;Set Property;0.00;
2025.12.03;02.48.31;Set Property;0.00;
2025.12.03;02.48.31;Set Property;0.00;
2025.12.03;02.48.31;Set Property;0.00;
2025.12.03;02.48.32;Set Title;0.00;
2025.12.03;02.48.33;Export Ascii;0.36;
2025.12.03;02.48.33;Export Ascii;0.38;
2025.12.03;02.48.34;Export Ascii;0.37;
2025.12.03;02.48.34;Export Ascii;0.34;
2025.12.03;02.48.34;Set Title;0.00;
2025.12.03;02.48.35;Export Ascii;0.39;
2025.12.03;02.48.36;Export Ascii;0.38;
2025.12.03;02.48.36;Export Ascii;0.38;
2025.12.03;02.48.37;Export Ascii;0.42;
2025.12.03;02.48.37;Set Title;0.00;
2025.12.03;02.48.38;Export Ascii;0.40;
2025.12.03;02.48.38;Export Ascii;0.38;
2025.12.03;02.48.39;Export Ascii;0.35;
2025.12.03;02.48.39;Export Ascii;0.36;
2025.12.03;02.48.40;Set Title;0.00;
2025.12.03;02.48.40;Export Ascii;0.37;
2025.12.03;02.48.41;Export Ascii;0.37;
2025.12.03;02.48.41;Export Ascii;0.36;
2025.12.03;02.48.42;Export Ascii;0.38;
2025.12.03;02.48.42;Set Title;0.00;
2025.12.03;02.48.43;Export Ascii;0.39;
2025.12.03;02.48.43;Export Ascii;0.36;
2025.12.03;02.48.44;Export Ascii;0.49;
2025.12.03;02.48.44;Export Ascii;0.38;
2025.12.03;02.48.45;Set Title;0.00;
2025.12.03;02.48.45;Export Ascii;0.39;
2025.12.03;02.48.46;Export Ascii;0.36;
2025.12.03;02.48.46;Export Ascii;0.38;
2025.12.03;02.48.47;Export Ascii;0.38;
Data;Time;TaskName;Completion Time in seconds; 2025.12.03;02.53.51;Set Property;0.00;
2025.12.03;02.53.51;Set Property;0.00;
2025.12.03;02.53.52;Set Property;0.00;
2025.12.03;02.53.52;Set Property;0.00;
2025.12.03;02.53.52;Set Property;0.00;
2025.12.03;02.53.53;Set Title;0.00;
2025.12.03;02.53.53;Export Ascii;0.36;
2025.12.03;02.53.54;Export Ascii;0.46;
2025.12.03;02.53.54;Export Ascii;0.41;
2025.12.03;02.53.55;Export Ascii;0.37;
2025.12.03;02.53.55;Set Title;0.00;
2025.12.03;02.53.56;Export Ascii;0.39;
2025.12.03;02.53.56;Export Ascii;0.42;
2025.12.03;02.53.57;Export Ascii;0.47;
2025.12.03;02.53.57;Export Ascii;0.37;
2025.12.03;02.53.58;Set Title;0.00;
2025.12.03;02.53.58;Export Ascii;0.37;
2025.12.03;02.53.59;Export Ascii;0.36;
2025.12.03;02.53.59;Export Ascii;0.40;
2025.12.03;02.54.00;Export Ascii;0.39;
2025.12.03;02.54.00;Set Title;0.00;
2025.12.03;02.54.01;Export Ascii;0.44;
2025.12.03;02.54.01;Export Ascii;0.44;
2025.12.03;02.54.02;Export Ascii;0.36;
2025.12.03;02.54.02;Export Ascii;0.34;
2025.12.03;02.54.03;Set Title;0.00;
2025.12.03;02.54.03;Export Ascii;0.37;
2025.12.03;02.54.04;Export Ascii;0.38;
2025.12.03;02.54.05;Export Ascii;0.40;
2025.12.03;02.54.05;Export Ascii;0.39;
2025.12.03;02.54.05;Set Title;0.00;
2025.12.03;02.54.06;Export Ascii;0.38;
2025.12.03;02.54.07;Export Ascii;0.38;
2025.12.03;02.54.07;Export Ascii;0.38;
2025.12.03;02.54.08;Export Ascii;0.39;
Data;Time;TaskName;Completion Time in seconds; 2025.12.03;08.09.04;Set Property;0.00;
2025.12.03;08.09.05;Set Property;0.00;
2025.12.03;08.09.05;Set Property;0.00;
2025.12.03;08.09.05;Set Property;0.00;
2025.12.03;08.09.06;Set Property;0.00;
2025.12.03;08.09.06;Set Title;0.00;
2025.12.03;08.09.07;Export Ascii;0.50;
2025.12.03;08.09.07;Export Ascii;0.40;
2025.12.03;08.09.08;Export Ascii;0.37;
2025.12.03;08.09.08;Export Ascii;0.39;
2025.12.03;08.09.09;Set Title;0.00;
2025.12.03;08.09.09;Export Ascii;0.44;
2025.12.03;08.09.10;Export Ascii;0.49;
2025.12.03;08.09.10;Export Ascii;0.40;
2025.12.03;08.09.11;Export Ascii;0.37;
2025.12.03;08.09.11;Set Title;0.00;
2025.12.03;08.09.12;Export Ascii;0.38;
2025.12.03;08.09.12;Export Ascii;0.36;
2025.12.03;08.09.13;Export Ascii;0.42;
2025.12.03;08.09.14;Export Ascii;0.45;
2025.12.03;08.09.14;Set Title;0.00;
2025.12.03;08.09.14;Export Ascii;0.38;
2025.12.03;08.09.15;Export Ascii;0.39;
2025.12.03;08.09.16;Export Ascii;0.40;
2025.12.03;08.09.16;Export Ascii;0.40;
2025.12.03;08.09.16;Set Title;0.00;
2025.12.03;08.09.17;Export Ascii;0.38;
2025.12.03;08.09.18;Export Ascii;0.40;
2025.12.03;08.09.18;Export Ascii;0.40;
2025.12.03;08.09.19;Export Ascii;0.41;
2025.12.03;08.09.19;Set Title;0.00;
2025.12.03;08.09.20;Export Ascii;0.38;
2025.12.03;08.09.20;Export Ascii;0.39;
2025.12.03;08.09.21;Export Ascii;0.40;
2025.12.03;08.09.21;Export Ascii;0.42;
Data;Time;TaskName;Completion Time in seconds; 2025.12.03;08.16.15;Set Property;0.00;
2025.12.03;08.16.15;Set Property;0.00;
2025.12.03;08.16.15;Set Property;0.00;
2025.12.03;08.16.15;Set Property;0.00;
2025.12.03;08.16.16;Set Property;0.00;
2025.12.03;08.16.16;Set Title;0.00;
2025.12.03;08.16.17;Export Ascii;0.42;
2025.12.03;08.16.17;Export Ascii;0.41;
2025.12.03;08.16.18;Export Ascii;0.53;
2025.12.03;08.16.19;Export Ascii;0.42;
2025.12.03;08.16.19;Set Title;0.00;
2025.12.03;08.16.20;Export Ascii;0.45;
2025.12.03;08.16.20;Export Ascii;0.39;
2025.12.03;08.16.21;Export Ascii;0.37;
2025.12.03;08.16.21;Export Ascii;0.37;
2025.12.03;08.16.22;Set Title;0.00;
2025.12.03;08.16.22;Export Ascii;0.33;
2025.12.03;08.16.23;Export Ascii;0.42;
2025.12.03;08.16.23;Export Ascii;0.34;
2025.12.03;08.16.24;Export Ascii;0.33;
2025.12.03;08.16.24;Set Title;0.00;
2025.12.03;08.16.25;Export Ascii;0.43;
2025.12.03;08.16.25;Export Ascii;0.34;
2025.12.03;08.16.26;Export Ascii;0.33;
2025.12.03;08.16.26;Export Ascii;0.36;
2025.12.03;08.16.27;Set Title;0.00;
2025.12.03;08.16.27;Export Ascii;0.34;
2025.12.03;08.16.28;Export Ascii;0.33;
2025.12.03;08.16.28;Export Ascii;0.33;
2025.12.03;08.16.29;Export Ascii;0.35;
2025.12.03;08.16.29;Set Title;0.00;
2025.12.03;08.16.30;Export Ascii;0.36;
2025.12.03;08.16.30;Export Ascii;0.34;
2025.12.03;08.16.31;Export Ascii;0.34;
2025.12.03;08.16.31;Export Ascii;0.37;
Data;Time;TaskName;Completion Time in seconds; 2025.12.03;08.21.23;Set Property;0.00;
2025.12.03;08.21.23;Set Property;0.00;
2025.12.03;08.21.23;Set Property;0.00;
2025.12.03;08.21.24;Set Property;0.00;
2025.12.03;08.21.24;Set Property;0.00;
2025.12.03;08.21.24;Set Title;0.00;
2025.12.03;08.21.25;Export Ascii;0.38;
2025.12.03;08.21.26;Export Ascii;0.40;
2025.12.03;08.21.26;Export Ascii;0.37;
2025.12.03;08.21.27;Export Ascii;0.57;
2025.12.03;08.21.27;Set Title;0.00;
2025.12.03;08.21.28;Export Ascii;0.35;
2025.12.03;08.21.28;Export Ascii;0.35;
2025.12.03;08.21.29;Export Ascii;0.34;
2025.12.03;08.21.29;Export Ascii;0.34;
2025.12.03;08.21.30;Set Title;0.00;
2025.12.03;08.21.30;Export Ascii;0.41;
2025.12.03;08.21.31;Export Ascii;0.44;
2025.12.03;08.21.31;Export Ascii;0.43;
2025.12.03;08.21.32;Export Ascii;0.43;
2025.12.03;08.21.32;Set Title;0.00;
2025.12.03;08.21.33;Export Ascii;0.69;
2025.12.03;08.21.34;Export Ascii;0.38;
2025.12.03;08.21.34;Export Ascii;0.36;
2025.12.03;08.21.35;Export Ascii;0.37;
2025.12.03;08.21.35;Set Title;0.00;
2025.12.03;08.21.36;Export Ascii;0.35;
2025.12.03;08.21.36;Export Ascii;0.47;
2025.12.03;08.21.37;Export Ascii;0.49;
2025.12.03;08.21.37;Export Ascii;0.37;
2025.12.03;08.21.38;Set Title;0.00;
2025.12.03;08.21.38;Export Ascii;0.45;
2025.12.03;08.21.39;Export Ascii;0.46;
2025.12.03;08.21.39;Export Ascii;0.36;
2025.12.03;08.21.40;Export Ascii;0.44;
2025.12.03;08.21.40;Set Title;0.00;
2025.12.03;08.21.41;Export Ascii;0.43;
2025.12.03;08.21.41;Export Ascii;0.42;
2025.12.03;08.21.42;Export Ascii;0.54;
2025.12.03;08.21.43;Export Ascii;0.42;
Data;Time;TaskName;Completion Time in seconds; 2025.12.03;08.25.58;Set Property;0.00;
2025.12.03;08.25.59;Set Property;0.00;
2025.12.03;08.25.59;Set Property;0.00;
2025.12.03;08.25.59;Set Property;0.00;
2025.12.03;08.26.00;Set Property;0.00;
2025.12.03;08.26.00;Set Title;0.00;
2025.12.03;08.26.01;Export Ascii;0.35;
2025.12.03;08.26.01;Export Ascii;0.35;
2025.12.03;08.26.02;Export Ascii;0.34;
2025.12.03;08.26.02;Export Ascii;0.43;
2025.12.03;08.26.03;Set Title;0.00;
2025.12.03;08.26.03;Export Ascii;0.35;
2025.12.03;08.26.04;Export Ascii;0.36;
2025.12.03;08.26.04;Export Ascii;0.35;
2025.12.03;08.26.05;Export Ascii;0.35;
2025.12.03;08.26.05;Set Title;0.00;
2025.12.03;08.26.06;Export Ascii;0.36;
2025.12.03;08.26.06;Export Ascii;0.35;
2025.12.03;08.26.07;Export Ascii;0.35;
2025.12.03;08.26.07;Export Ascii;0.34;
2025.12.03;08.26.08;Set Title;0.00;
2025.12.03;08.26.08;Export Ascii;0.29;
2025.12.03;08.26.09;Export Ascii;0.30;
2025.12.03;08.26.09;Export Ascii;0.28;
2025.12.03;08.26.10;Export Ascii;0.29;
2025.12.03;08.26.10;Set Title;0.00;
2025.12.03;08.26.11;Export Ascii;0.30;
2025.12.03;08.26.11;Export Ascii;0.31;
2025.12.03;08.26.12;Export Ascii;0.31;
2025.12.03;08.26.12;Export Ascii;0.31;
2025.12.03;08.26.13;Set Title;0.00;
2025.12.03;08.26.14;Export Ascii;0.33;
2025.12.03;08.26.14;Export Ascii;0.49;
2025.12.03;08.26.15;Export Ascii;0.33;
2025.12.03;08.26.15;Export Ascii;0.34;
2025.12.03;08.26.15;Set Title;0.00;
2025.12.03;08.26.16;Export Ascii;0.32;
2025.12.03;08.26.17;Export Ascii;0.31;
2025.12.03;08.26.17;Export Ascii;0.32;
2025.12.03;08.26.18;Export Ascii;0.32;
Data;Time;TaskName;Completion Time in seconds; 2025.12.03;08.31.06;Set Property;0.00;
2025.12.03;08.31.07;Set Property;0.00;
2025.12.03;08.31.07;Set Property;0.00;
2025.12.03;08.31.07;Set Property;0.00;
2025.12.03;08.31.07;Set Property;0.00;
2025.12.03;08.31.08;Set Title;0.00;
2025.12.03;08.31.09;Export Ascii;0.39;
2025.12.03;08.31.09;Export Ascii;0.37;
2025.12.03;08.31.10;Export Ascii;0.37;
2025.12.03;08.31.10;Export Ascii;0.39;
2025.12.03;08.31.11;Set Title;0.00;
2025.12.03;08.31.11;Export Ascii;0.41;
2025.12.03;08.31.12;Export Ascii;0.36;
2025.12.03;08.31.12;Export Ascii;0.39;
2025.12.03;08.31.13;Export Ascii;0.35;
2025.12.03;08.31.13;Set Title;0.00;
2025.12.03;08.31.14;Export Ascii;0.50;
2025.12.03;08.31.14;Export Ascii;0.36;
2025.12.03;08.31.15;Export Ascii;0.36;
2025.12.03;08.31.15;Export Ascii;0.36;
2025.12.03;08.31.16;Set Title;0.00;
2025.12.03;08.31.16;Export Ascii;0.49;
2025.12.03;08.31.17;Export Ascii;0.39;
2025.12.03;08.31.17;Export Ascii;0.37;
2025.12.03;08.31.18;Export Ascii;0.37;
2025.12.03;08.31.18;Set Title;0.00;
2025.12.03;08.31.19;Export Ascii;0.33;
2025.12.03;08.31.19;Export Ascii;0.34;
2025.12.03;08.31.20;Export Ascii;0.35;
2025.12.03;08.31.21;Export Ascii;0.47;
2025.12.03;08.31.21;Set Title;0.00;
2025.12.03;08.31.21;Export Ascii;0.36;
2025.12.03;08.31.22;Export Ascii;0.34;
2025.12.03;08.31.22;Export Ascii;0.36;
2025.12.03;08.31.23;Export Ascii;0.46;
2025.12.03;08.31.23;Set Title;0.00;
2025.12.03;08.31.24;Export Ascii;0.34;
2025.12.03;08.31.25;Export Ascii;0.35;
2025.12.03;08.31.25;Export Ascii;0.38;
2025.12.03;08.31.26;Export Ascii;0.34;
Data;Time;TaskName;Completion Time in seconds; 2025.12.03;08.34.48;Set Property;0.00;
2025.12.03;08.34.48;Set Property;0.00;
2025.12.03;08.34.49;Set Property;0.00;
2025.12.03;08.34.49;Set Property;0.00;
2025.12.03;08.34.49;Set Property;0.00;
2025.12.03;08.34.50;Set Title;0.00;
2025.12.03;08.34.50;Export Ascii;0.33;
2025.12.03;08.34.51;Export Ascii;0.33;
2025.12.03;08.34.51;Export Ascii;0.42;
2025.12.03;08.34.52;Export Ascii;0.31;
2025.12.03;08.34.52;Set Title;0.00;
2025.12.03;08.34.53;Export Ascii;0.37;
2025.12.03;08.34.53;Export Ascii;0.40;
2025.12.03;08.34.54;Export Ascii;0.37;
2025.12.03;08.34.54;Export Ascii;0.40;
2025.12.03;08.34.55;Set Title;0.00;
2025.12.03;08.34.55;Export Ascii;0.34;
2025.12.03;08.34.56;Export Ascii;0.44;
2025.12.03;08.34.56;Export Ascii;0.32;
2025.12.03;08.34.57;Export Ascii;0.32;
2025.12.03;08.34.57;Set Title;0.00;
2025.12.03;08.34.58;Export Ascii;0.33;
2025.12.03;08.34.58;Export Ascii;0.33;
2025.12.03;08.34.59;Export Ascii;0.34;
2025.12.03;08.34.59;Export Ascii;0.32;
2025.12.03;08.35.00;Set Title;0.00;
2025.12.03;08.35.01;Export Ascii;0.41;
2025.12.03;08.35.01;Export Ascii;0.35;
2025.12.03;08.35.02;Export Ascii;0.44;
2025.12.03;08.35.02;Export Ascii;0.33;
2025.12.03;08.35.03;Set Title;0.00;
2025.12.03;08.35.03;Export Ascii;0.18;
2025.12.03;08.35.03;Export Ascii;0.20;
2025.12.03;08.35.03;Export Ascii;0.18;
2025.12.03;08.35.04;Export Ascii;0.19;
2025.12.03;08.35.04;Set Title;0.00;
2025.12.03;08.35.05;Export Ascii;0.34;
2025.12.03;08.35.05;Export Ascii;0.33;
2025.12.03;08.35.06;Export Ascii;0.33;
2025.12.03;08.35.06;Export Ascii;0.33;
2025.12.03;08.35.07;Set Title;0.00;
2025.12.03;08.35.07;Export Ascii;0.36;
2025.12.03;08.35.08;Export Ascii;0.35;
2025.12.03;08.35.08;Export Ascii;0.38;
2025.12.03;08.35.09;Export Ascii;0.38;
Data;Time;TaskName;Completion Time in seconds; 2025.12.03;08.41.57;Set Property;0.00;
2025.12.03;08.41.58;Set Property;0.01;
2025.12.03;08.41.58;Set Property;0.00;
2025.12.03;08.41.58;Set Property;0.00;
2025.12.03;08.41.59;Set Property;0.00;
2025.12.03;08.41.59;Set Title;0.00;
2025.12.03;08.42.00;Export Ascii;0.34;
2025.12.03;08.42.00;Export Ascii;0.36;
2025.12.03;08.42.01;Export Ascii;0.32;
2025.12.03;08.42.01;Export Ascii;0.33;
2025.12.03;08.42.02;Set Title;0.00;
2025.12.03;08.42.02;Export Ascii;0.32;
2025.12.03;08.42.03;Export Ascii;0.38;
2025.12.03;08.42.03;Export Ascii;0.32;
2025.12.03;08.42.04;Export Ascii;0.32;
2025.12.03;08.42.04;Set Title;0.00;
2025.12.03;08.42.05;Export Ascii;0.32;
2025.12.03;08.42.05;Export Ascii;0.34;
2025.12.03;08.42.06;Export Ascii;0.33;
2025.12.03;08.42.06;Export Ascii;0.34;
2025.12.03;08.42.07;Set Title;0.00;
2025.12.03;08.42.07;Export Ascii;0.38;
2025.12.03;08.42.08;Export Ascii;0.32;
2025.12.03;08.42.08;Export Ascii;0.29;
2025.12.03;08.42.09;Export Ascii;0.32;
2025.12.03;08.42.09;Set Title;0.00;
2025.12.03;08.42.10;Export Ascii;0.31;
2025.12.03;08.42.10;Export Ascii;0.31;
2025.12.03;08.42.11;Export Ascii;0.31;
2025.12.03;08.42.11;Export Ascii;0.31;
2025.12.03;08.42.12;Set Title;0.00;
2025.12.03;08.42.13;Export Ascii;0.40;
2025.12.03;08.42.13;Export Ascii;0.32;
2025.12.03;08.42.14;Export Ascii;0.32;
2025.12.03;08.42.14;Export Ascii;0.32;
Data;Time;TaskName;Completion Time in seconds; 2025.12.03;10.16.46;Set Property;0.00;
2025.12.03;10.16.46;Set Property;0.00;
2025.12.03;10.16.46;Set Property;0.00;
2025.12.03;10.16.47;Set Property;0.00;
2025.12.03;10.16.47;Set Property;0.00;
2025.12.03;10.16.47;Set Title;0.00;
2025.12.03;10.16.48;Export Ascii;0.33;
2025.12.03;10.16.48;Export Ascii;0.33;
2025.12.03;10.16.49;Export Ascii;0.32;
2025.12.03;10.16.50;Export Ascii;0.38;
2025.12.03;10.16.50;Set Title;0.00;
2025.12.03;10.16.51;Export Ascii;0.38;
2025.12.03;10.16.51;Export Ascii;0.40;
2025.12.03;10.16.52;Export Ascii;0.39;
2025.12.03;10.16.52;Export Ascii;0.39;
2025.12.03;10.16.52;Set Title;0.00;
2025.12.03;10.16.53;Export Ascii;0.36;
2025.12.03;10.16.54;Export Ascii;0.47;
2025.12.03;10.16.54;Export Ascii;0.39;
2025.12.03;10.16.55;Export Ascii;0.33;
2025.12.03;10.16.55;Set Title;0.00;
2025.12.03;10.16.56;Export Ascii;0.41;
2025.12.03;10.16.56;Export Ascii;0.34;
2025.12.03;10.16.57;Export Ascii;0.34;
2025.12.03;10.16.57;Export Ascii;0.33;
2025.12.03;10.16.58;Set Title;0.00;
2025.12.03;10.16.58;Export Ascii;0.34;
2025.12.03;10.16.59;Export Ascii;0.34;
2025.12.03;10.16.59;Export Ascii;0.34;
2025.12.03;10.17.00;Export Ascii;0.35;
2025.12.03;10.17.00;Set Title;0.00;
2025.12.03;10.17.01;Export Ascii;0.36;
2025.12.03;10.17.01;Export Ascii;0.47;
2025.12.03;10.17.02;Export Ascii;0.36;
2025.12.03;10.17.02;Export Ascii;0.36;
2025.12.03;10.17.03;Set Title;0.00;
2025.12.03;10.17.03;Export Ascii;0.41;
2025.12.03;10.17.04;Export Ascii;0.37;
2025.12.03;10.17.04;Export Ascii;0.37;
2025.12.03;10.17.05;Export Ascii;0.41;
Data;Time;TaskName;Completion Time in seconds; 2025.12.03;10.25.12;Set Property;0.00;
2025.12.03;10.25.12;Set Property;0.01;
2025.12.03;10.25.13;Set Property;0.00;
2025.12.03;10.25.13;Set Property;0.00;
2025.12.03;10.25.13;Set Property;0.00;
2025.12.03;10.25.14;Set Title;0.00;
2025.12.03;10.25.14;Export Ascii;0.40;
2025.12.03;10.25.15;Export Ascii;0.33;
2025.12.03;10.25.15;Export Ascii;0.31;
2025.12.03;10.25.16;Export Ascii;0.30;
2025.12.03;10.25.16;Set Title;0.00;
2025.12.03;10.25.17;Export Ascii;0.33;
2025.12.03;10.25.17;Export Ascii;0.32;
2025.12.03;10.25.18;Export Ascii;0.33;
2025.12.03;10.25.18;Export Ascii;0.33;
2025.12.03;10.25.19;Set Title;0.00;
2025.12.03;10.25.19;Export Ascii;0.31;
2025.12.03;10.25.20;Export Ascii;0.33;
2025.12.03;10.25.21;Export Ascii;0.35;
2025.12.03;10.25.21;Export Ascii;0.32;
2025.12.03;10.25.21;Set Title;0.00;
2025.12.03;10.25.22;Export Ascii;0.35;
2025.12.03;10.25.23;Export Ascii;0.34;
2025.12.03;10.25.23;Export Ascii;0.36;
2025.12.03;10.25.24;Export Ascii;0.34;
2025.12.03;10.25.24;Set Title;0.00;
2025.12.03;10.25.25;Export Ascii;0.33;
2025.12.03;10.25.25;Export Ascii;0.34;
2025.12.03;10.25.26;Export Ascii;0.37;
2025.12.03;10.25.26;Export Ascii;0.33;
2025.12.03;10.25.27;Set Title;0.00;
2025.12.03;10.25.27;Export Ascii;0.32;
2025.12.03;10.25.28;Export Ascii;0.43;
2025.12.03;10.25.28;Export Ascii;0.33;
2025.12.03;10.25.29;Export Ascii;0.32;
Data;Time;TaskName;Completion Time in seconds; 2025.12.03;10.31.38;Set Property;0.00;
2025.12.03;10.31.38;Set Property;0.00;
2025.12.03;10.31.39;Set Property;0.00;
2025.12.03;10.31.39;Set Property;0.00;
2025.12.03;10.31.39;Set Property;0.00;
2025.12.03;10.31.40;Set Title;0.00;
2025.12.03;10.31.40;Export Ascii;0.38;
2025.12.03;10.31.41;Export Ascii;0.38;
2025.12.03;10.31.41;Export Ascii;0.53;
2025.12.03;10.31.42;Export Ascii;0.35;
2025.12.03;10.31.42;Set Title;0.00;
2025.12.03;10.31.43;Export Ascii;0.43;
2025.12.03;10.31.43;Export Ascii;0.36;
2025.12.03;10.31.44;Export Ascii;0.36;
2025.12.03;10.31.45;Export Ascii;0.35;
2025.12.03;10.31.45;Set Title;0.00;
2025.12.03;10.31.46;Export Ascii;0.36;
2025.12.03;10.31.46;Export Ascii;0.36;
2025.12.03;10.31.47;Export Ascii;0.36;
2025.12.03;10.31.47;Export Ascii;0.37;
2025.12.03;10.31.47;Set Title;0.00;
2025.12.03;10.31.48;Export Ascii;0.36;
2025.12.03;10.31.49;Export Ascii;0.38;
2025.12.03;10.31.49;Export Ascii;0.40;
2025.12.03;10.31.50;Export Ascii;0.39;
2025.12.03;10.31.50;Set Title;0.00;
2025.12.03;10.31.51;Export Ascii;0.49;
2025.12.03;10.31.51;Export Ascii;0.35;
2025.12.03;10.31.52;Export Ascii;0.34;
2025.12.03;10.31.52;Export Ascii;0.42;
2025.12.03;10.31.53;Set Title;0.00;
2025.12.03;10.31.53;Export Ascii;0.34;
2025.12.03;10.31.54;Export Ascii;0.35;
2025.12.03;10.31.54;Export Ascii;0.35;
2025.12.03;10.31.55;Export Ascii;0.37;
2025.12.03;10.31.55;Set Title;0.00;
2025.12.03;10.31.56;Export Ascii;0.36;
2025.12.03;10.31.56;Export Ascii;0.36;
2025.12.03;10.31.57;Export Ascii;0.38;
2025.12.03;10.31.57;Export Ascii;0.37;
Data;Time;TaskName;Completion Time in seconds; 2025.12.03;10.44.53;Set Property;0.00;
2025.12.03;10.44.54;Set Property;0.00;
2025.12.03;10.44.54;Set Property;0.00;
2025.12.03;10.44.54;Set Property;0.00;
2025.12.03;10.44.55;Set Property;0.00;
2025.12.03;10.44.55;Set Title;0.00;
2025.12.03;10.44.56;Export Ascii;0.36;
2025.12.03;10.44.56;Export Ascii;0.35;
2025.12.03;10.44.57;Export Ascii;0.36;
2025.12.03;10.44.57;Export Ascii;0.38;
2025.12.03;10.44.58;Set Title;0.00;
2025.12.03;10.44.58;Export Ascii;0.36;
2025.12.03;10.44.59;Export Ascii;0.38;
2025.12.03;10.44.59;Export Ascii;0.49;
2025.12.03;10.45.00;Export Ascii;0.37;
2025.12.03;10.45.00;Set Title;0.00;
2025.12.03;10.45.01;Export Ascii;0.33;
2025.12.03;10.45.01;Export Ascii;0.40;
2025.12.03;10.45.02;Export Ascii;0.40;
2025.12.03;10.45.02;Export Ascii;0.36;
2025.12.03;10.45.03;Set Title;0.00;
2025.12.03;10.45.03;Export Ascii;0.38;
2025.12.03;10.45.04;Export Ascii;0.36;
2025.12.03;10.45.04;Export Ascii;0.47;
2025.12.03;10.45.05;Export Ascii;0.36;
2025.12.03;10.45.05;Set Title;0.00;
2025.12.03;10.45.06;Export Ascii;0.41;
2025.12.03;10.45.06;Export Ascii;0.33;
2025.12.03;10.45.07;Export Ascii;0.34;
2025.12.03;10.45.07;Export Ascii;0.35;
2025.12.03;10.45.08;Set Title;0.00;
2025.12.03;10.45.08;Export Ascii;0.36;
2025.12.03;10.45.09;Export Ascii;0.37;
2025.12.03;10.45.10;Export Ascii;0.39;
2025.12.03;10.45.10;Export Ascii;0.46;
2025.12.03;10.45.10;Set Title;0.00;
2025.12.03;10.45.11;Export Ascii;0.35;
2025.12.03;10.45.12;Export Ascii;0.36;
2025.12.03;10.45.12;Export Ascii;0.36;
2025.12.03;10.45.13;Export Ascii;0.34;
2025.12.03;10.45.13;Set Title;0.00;
2025.12.03;10.45.14;Export Ascii;0.32;
2025.12.03;10.45.14;Export Ascii;0.41;
2025.12.03;10.45.15;Export Ascii;0.33;
2025.12.03;10.45.15;Export Ascii;0.35;
Data;Time;TaskName;Completion Time in seconds; 2025.12.03;10.51.37;Set Property;0.00;
2025.12.03;10.51.38;Set Property;0.00;
2025.12.03;10.51.38;Set Property;0.00;
2025.12.03;10.51.38;Set Property;0.00;
2025.12.03;10.51.38;Set Property;0.00;
2025.12.03;10.51.39;Set Title;0.00;
2025.12.03;10.51.40;Export Ascii;0.43;
2025.12.03;10.51.40;Export Ascii;0.34;
2025.12.03;10.51.40;Export Ascii;0.34;
2025.12.03;10.51.41;Export Ascii;0.32;
2025.12.03;10.51.41;Set Title;0.00;
2025.12.03;10.51.42;Export Ascii;0.36;
2025.12.03;10.51.43;Export Ascii;0.45;
2025.12.03;10.51.43;Export Ascii;0.39;
2025.12.03;10.51.44;Export Ascii;0.34;
2025.12.03;10.51.44;Set Title;0.00;
2025.12.03;10.51.45;Export Ascii;0.34;
2025.12.03;10.51.45;Export Ascii;0.34;
2025.12.03;10.51.46;Export Ascii;0.34;
2025.12.03;10.51.46;Export Ascii;0.35;
2025.12.03;10.51.47;Set Title;0.00;
2025.12.03;10.51.47;Export Ascii;0.35;
2025.12.03;10.51.48;Export Ascii;0.35;
2025.12.03;10.51.48;Export Ascii;0.35;
2025.12.03;10.51.49;Export Ascii;0.34;
2025.12.03;10.51.49;Set Title;0.00;
2025.12.03;10.51.50;Export Ascii;0.35;
2025.12.03;10.51.50;Export Ascii;0.35;
2025.12.03;10.51.51;Export Ascii;0.34;
2025.12.03;10.51.51;Export Ascii;0.33;
2025.12.03;10.51.52;Set Title;0.00;
2025.12.03;10.51.52;Export Ascii;0.34;
2025.12.03;10.51.53;Export Ascii;0.45;
2025.12.03;10.51.53;Export Ascii;0.36;
2025.12.03;10.51.54;Export Ascii;0.35;
Data;Time;TaskName;Completion Time in seconds; 2025.12.03;13.55.03;Set Property;0.00;
2025.12.03;13.55.03;Set Property;0.00;
2025.12.03;13.55.04;Set Property;0.00;
2025.12.03;13.55.04;Set Property;0.00;
2025.12.03;13.55.04;Set Property;0.00;
2025.12.03;13.55.05;Set Title;0.00;
2025.12.03;13.55.05;Export Ascii;0.41;
2025.12.03;13.55.06;Export Ascii;0.43;
2025.12.03;13.55.06;Export Ascii;0.38;
2025.12.03;13.55.07;Export Ascii;0.49;
2025.12.03;13.55.07;Set Title;0.00;
2025.12.03;13.55.08;Export Ascii;0.37;
2025.12.03;13.55.08;Export Ascii;0.35;
2025.12.03;13.55.09;Export Ascii;0.36;
2025.12.03;13.55.09;Export Ascii;0.35;
2025.12.03;13.55.10;Set Title;0.00;
2025.12.03;13.55.10;Export Ascii;0.37;
2025.12.03;13.55.11;Export Ascii;0.35;
2025.12.03;13.55.11;Export Ascii;0.39;
2025.12.03;13.55.12;Export Ascii;0.35;
2025.12.03;13.55.12;Set Title;0.00;
2025.12.03;13.55.13;Export Ascii;0.39;
2025.12.03;13.55.13;Export Ascii;0.39;
2025.12.03;13.55.14;Export Ascii;0.43;
2025.12.03;13.55.14;Export Ascii;0.37;
2025.12.03;13.55.15;Set Title;0.00;
2025.12.03;13.55.15;Export Ascii;0.34;
2025.12.03;13.55.16;Export Ascii;0.45;
2025.12.03;13.55.16;Export Ascii;0.34;
2025.12.03;13.55.17;Export Ascii;0.34;
2025.12.03;13.55.17;Set Title;0.00;
2025.12.03;13.55.18;Export Ascii;0.36;
2025.12.03;13.55.19;Export Ascii;0.37;
2025.12.03;13.55.19;Export Ascii;0.37;
2025.12.03;13.55.20;Export Ascii;0.36;
2025.12.03;13.55.20;Set Title;0.00;
2025.12.03;13.55.21;Export Ascii;0.37;
2025.12.03;13.55.21;Export Ascii;0.34;
2025.12.03;13.55.22;Export Ascii;0.36;
2025.12.03;13.55.22;Export Ascii;0.36;
2025.12.03;13.55.23;Set Title;0.00;
2025.12.03;13.55.23;Export Ascii;0.32;
2025.12.03;13.55.24;Export Ascii;0.33;
2025.12.03;13.55.24;Export Ascii;0.34;
2025.12.03;13.55.25;Export Ascii;0.34;
Data;Time;TaskName;Completion Time in seconds; Data;Time;TaskName;Completion Time in seconds; 2025.12.03;13.58.29;Set Property;0.00;
2025.12.03;13.58.30;Set Property;0.00;
2025.12.03;13.58.30;Set Property;0.00;
2025.12.03;13.58.30;Set Property;0.00;
2025.12.03;13.58.30;Set Property;0.00;
2025.12.03;13.58.31;Set Title;0.00;
2025.12.03;13.58.32;Export Ascii;0.47;
2025.12.03;13.58.32;Export Ascii;0.42;
2025.12.03;13.58.32;Export Ascii;0.39;
2025.12.03;13.58.33;Export Ascii;0.41;
2025.12.03;13.58.33;Set Title;0.00;
2025.12.03;13.58.34;Export Ascii;0.37;
2025.12.03;13.58.35;Export Ascii;0.36;
2025.12.03;13.58.35;Export Ascii;0.35;
2025.12.03;13.58.36;Export Ascii;0.36;
2025.12.03;13.58.36;Set Title;0.00;
2025.12.03;13.58.37;Export Ascii;0.53;
2025.12.03;13.58.37;Export Ascii;0.36;
2025.12.03;13.58.38;Export Ascii;0.45;
2025.12.03;13.58.38;Export Ascii;0.38;
2025.12.03;13.58.39;Set Title;0.00;
2025.12.03;13.58.40;Export Ascii;0.52;
2025.12.03;13.58.40;Export Ascii;0.38;
2025.12.03;13.58.41;Export Ascii;0.38;
2025.12.03;13.58.41;Export Ascii;0.39;
2025.12.03;13.58.42;Set Title;0.00;
2025.12.03;13.58.42;Export Ascii;0.36;
2025.12.03;13.58.43;Export Ascii;0.35;
2025.12.03;13.58.43;Export Ascii;0.36;
2025.12.03;13.58.44;Export Ascii;0.34;
2025.12.03;13.58.44;Set Title;0.00;
2025.12.03;13.58.45;Export Ascii;0.41;
2025.12.03;13.58.45;Export Ascii;0.36;
2025.12.03;13.58.46;Export Ascii;0.37;
2025.12.03;13.58.46;Export Ascii;0.36;
2025.12.03;13.58.47;Set Title;0.00;
2025.12.03;13.58.47;Export Ascii;0.37;
2025.12.03;13.58.48;Export Ascii;0.38;
2025.12.03;13.58.48;Export Ascii;0.38;
2025.12.03;13.58.49;Export Ascii;0.38;
2025.12.03;13.58.49;Set Title;0.00;
2025.12.03;13.58.50;Export Ascii;0.34;
2025.12.03;13.58.50;Export Ascii;0.34;
2025.12.03;13.58.51;Export Ascii;0.33;
2025.12.03;13.58.51;Export Ascii;0.34;
Data;Time;TaskName;Completion Time in seconds; 2025.12.04;03.34.02;Set Property;0.00;
2025.12.04;03.34.02;Set Property;0.00;
2025.12.04;03.34.03;Set Property;0.00;
2025.12.04;03.34.03;Set Property;0.00;
2025.12.04;03.34.03;Set Property;0.00;
2025.12.04;03.34.04;Set Title;0.00;
2025.12.04;03.34.04;Export Ascii;0.50;
2025.12.04;03.34.05;Export Ascii;0.49;
2025.12.04;03.34.06;Export Ascii;0.48;
2025.12.04;03.34.06;Export Ascii;0.50;
Data;Time;TaskName;Completion Time in seconds; 2025.12.04;03.34.21;Set Property;0.00;
2025.12.04;03.34.21;Set Property;0.00;
2025.12.04;03.34.22;Set Property;0.00;
2025.12.04;03.34.22;Set Property;0.00;
2025.12.04;03.34.22;Set Property;0.00;
2025.12.04;03.34.23;Set Title;0.00;
2025.12.04;03.34.23;Export Ascii;0.55;
2025.12.04;03.34.24;Export Ascii;0.58;
2025.12.04;03.34.25;Export Ascii;0.54;
2025.12.04;03.34.26;Export Ascii;0.56;
Data;Time;TaskName;Completion Time in seconds; 2025.12.04;03.53.12;Set Property;0.00;
2025.12.04;03.53.13;Set Property;0.00;
2025.12.04;03.53.13;Set Property;0.00;
2025.12.04;03.53.13;Set Property;0.00;
2025.12.04;03.53.13;Set Property;0.00;
2025.12.04;03.53.14;Set Title;0.00;
2025.12.04;03.53.15;Export Ascii;0.53;
2025.12.04;03.53.15;Export Ascii;0.52;
2025.12.04;03.53.16;Export Ascii;0.51;
2025.12.04;03.53.17;Export Ascii;0.52;
2025.12.04;03.53.17;Set Title;0.00;
2025.12.04;03.53.18;Export Ascii;0.53;
2025.12.04;03.53.19;Export Ascii;0.54;
2025.12.04;03.53.20;Export Ascii;0.54;
2025.12.04;03.53.21;Export Ascii;0.55;
Data;Time;TaskName;Completion Time in seconds; 2025.12.04;04.07.56;Set Property;0.00;
2025.12.04;04.07.57;Set Property;0.00;
2025.12.04;04.07.57;Set Property;0.00;
2025.12.04;04.07.57;Set Property;0.00;
2025.12.04;04.07.58;Set Property;0.00;
2025.12.04;04.07.58;Set Title;0.00;
2025.12.04;04.07.59;Export Ascii;0.70;
2025.12.04;04.08.00;Export Ascii;0.54;
2025.12.04;04.08.01;Export Ascii;0.64;
2025.12.04;04.08.01;Export Ascii;0.55;
Data;Time;TaskName;Completion Time in seconds; 2025.12.04;04.12.21;Set Property;0.00;
2025.12.04;04.12.21;Set Property;0.00;
2025.12.04;04.12.21;Set Property;0.00;
2025.12.04;04.12.22;Set Property;0.00;
2025.12.04;04.12.22;Set Property;0.00;
2025.12.04;04.12.23;Set Title;0.00;
2025.12.04;04.12.23;Export Ascii;0.54;
2025.12.04;04.12.24;Export Ascii;0.53;
2025.12.04;04.12.25;Export Ascii;0.60;
2025.12.04;04.12.26;Export Ascii;0.53;
Data;Time;TaskName;Completion Time in seconds; 2025.12.04;04.21.07;Set Property;0.00;
2025.12.04;04.21.07;Set Property;0.00;
2025.12.04;04.21.07;Set Property;0.00;
2025.12.04;04.21.08;Set Property;0.00;
2025.12.04;04.21.08;Set Property;0.00;
2025.12.04;04.21.08;Set Title;0.00;
2025.12.04;04.21.09;Export Ascii;0.54;
2025.12.04;04.21.10;Export Ascii;0.55;
2025.12.04;04.21.11;Export Ascii;0.55;
2025.12.04;04.21.12;Export Ascii;0.64;
Data;Time;TaskName;Completion Time in seconds; 2025.12.04;04.26.48;Set Property;0.00;
2025.12.04;04.26.49;Set Property;0.00;
2025.12.04;04.26.49;Set Property;0.00;
2025.12.04;04.26.49;Set Property;0.00;
2025.12.04;04.26.49;Set Property;0.00;
2025.12.04;04.26.50;Set Title;0.00;
2025.12.04;04.26.51;Export Ascii;0.56;
2025.12.04;04.26.51;Export Ascii;0.55;
2025.12.04;04.26.52;Export Ascii;0.55;
2025.12.04;04.26.53;Export Ascii;0.54;
Data;Time;TaskName;Completion Time in seconds; 2025.12.04;04.31.12;Set Property;0.00;
2025.12.04;04.31.13;Set Property;0.00;
2025.12.04;04.31.13;Set Property;0.00;
2025.12.04;04.31.13;Set Property;0.00;
2025.12.04;04.31.14;Set Property;0.00;
2025.12.04;04.31.14;Set Title;0.00;
2025.12.04;04.31.15;Export Ascii;0.57;
2025.12.04;04.31.16;Export Ascii;0.56;
2025.12.04;04.31.16;Export Ascii;0.54;
2025.12.04;04.31.17;Export Ascii;0.57;
Data;Time;TaskName;Completion Time in seconds; 2025.12.04;04.43.09;Set Property;0.00;
2025.12.04;04.43.10;Set Property;0.00;
2025.12.04;04.43.10;Set Property;0.00;
2025.12.04;04.43.10;Set Property;0.00;
2025.12.04;04.43.11;Set Property;0.00;
2025.12.04;04.43.11;Set Title;0.00;
2025.12.04;04.43.12;Export Ascii;0.65;
2025.12.04;04.43.13;Export Ascii;0.55;
2025.12.04;04.43.14;Export Ascii;0.67;
2025.12.04;04.43.14;Export Ascii;0.56;
Data;Time;TaskName;Completion Time in seconds; 2025.12.04;04.48.13;Set Property;0.00;
2025.12.04;04.48.14;Set Property;0.00;
2025.12.04;04.48.14;Set Property;0.00;
2025.12.04;04.48.14;Set Property;0.00;
2025.12.04;04.48.14;Set Property;0.00;
2025.12.04;04.48.15;Set Title;0.00;
2025.12.04;04.48.16;Export Ascii;0.57;
2025.12.04;04.48.16;Export Ascii;0.56;
2025.12.04;04.48.17;Export Ascii;0.58;
2025.12.04;04.48.18;Export Ascii;0.56;
Data;Time;TaskName;Completion Time in seconds; 2025.12.04;06.44.23;Set Property;0.00;
2025.12.04;06.44.24;Set Property;0.00;
2025.12.04;06.44.24;Set Property;0.00;
2025.12.04;06.44.24;Set Property;0.00;
2025.12.04;06.44.24;Set Property;0.00;
2025.12.04;06.44.25;Set Title;0.00;
2025.12.04;06.44.26;Export Ascii;0.64;
2025.12.04;06.44.26;Export Ascii;0.61;
2025.12.04;06.44.27;Export Ascii;0.61;
2025.12.04;06.44.28;Export Ascii;0.61;
Data;Time;TaskName;Completion Time in seconds; 2025.12.04;06.49.27;Set Property;0.00;
2025.12.04;06.49.28;Set Property;0.00;
2025.12.04;06.49.28;Set Property;0.00;
2025.12.04;06.49.28;Set Property;0.00;
2025.12.04;06.49.28;Set Property;0.00;
2025.12.04;06.49.29;Set Title;0.00;
2025.12.04;06.49.30;Export Ascii;0.61;
2025.12.04;06.49.31;Export Ascii;0.60;
2025.12.04;06.49.31;Export Ascii;0.59;
2025.12.04;06.49.32;Export Ascii;0.61;
Data;Time;TaskName;Completion Time in seconds; 2025.12.04;07.01.14;Set Property;0.00;
2025.12.04;07.01.15;Set Property;0.00;
2025.12.04;07.01.15;Set Property;0.00;
2025.12.04;07.01.15;Set Property;0.00;
2025.12.04;07.01.16;Set Property;0.00;
2025.12.04;07.01.16;Set Title;0.00;
2025.12.04;07.01.17;Export Ascii;0.75;
2025.12.04;07.01.18;Export Ascii;0.63;
2025.12.04;07.01.19;Export Ascii;0.69;
2025.12.04;07.01.19;Export Ascii;0.62;
2025.12.04;07.01.20;Set Title;0.00;
2025.12.04;07.01.21;Export Ascii;0.61;
2025.12.04;07.01.22;Export Ascii;0.71;
2025.12.04;07.01.22;Export Ascii;0.62;
2025.12.04;07.01.23;Export Ascii;0.58;
Data;Time;TaskName;Completion Time in seconds; 2025.12.04;07.16.00;Set Property;0.00;
2025.12.04;07.16.01;Set Property;0.00;
2025.12.04;07.16.01;Set Property;0.00;
2025.12.04;07.16.01;Set Property;0.00;
2025.12.04;07.16.01;Set Property;0.00;
2025.12.04;07.16.02;Set Title;0.00;
2025.12.04;07.16.03;Export Ascii;0.72;
2025.12.04;07.16.04;Export Ascii;0.70;
2025.12.04;07.16.04;Export Ascii;0.64;
2025.12.04;07.16.05;Export Ascii;0.62;
2025.12.04;07.16.05;Set Title;0.00;
2025.12.04;07.16.06;Export Ascii;0.74;
2025.12.04;07.16.07;Export Ascii;0.61;
2025.12.04;07.16.08;Export Ascii;0.63;
2025.12.04;07.16.09;Export Ascii;0.61;
Data;Time;TaskName;Completion Time in seconds; 2025.12.04;07.42.26;Set Property;0.00;
2025.12.04;07.42.27;Set Property;0.00;
2025.12.04;07.42.27;Set Property;0.00;
2025.12.04;07.42.27;Set Property;0.00;
2025.12.04;07.42.28;Set Property;0.00;
2025.12.04;07.42.28;Set Title;0.00;
2025.12.04;07.42.29;Export Ascii;0.75;
2025.12.04;07.42.30;Export Ascii;0.62;
2025.12.04;07.42.31;Export Ascii;0.66;
2025.12.04;07.42.31;Export Ascii;0.63;
Data;Time;TaskName;Completion Time in seconds; 2025.12.04;07.48.34;Set Property;0.00;
2025.12.04;07.48.34;Set Property;0.00;
2025.12.04;07.48.35;Set Property;0.00;
2025.12.04;07.48.35;Set Property;0.00;
2025.12.04;07.48.35;Set Property;0.00;
2025.12.04;07.48.36;Set Title;0.00;
2025.12.04;07.48.36;Export Ascii;0.64;
2025.12.04;07.48.37;Export Ascii;0.75;
2025.12.04;07.48.38;Export Ascii;0.64;
2025.12.04;07.48.39;Export Ascii;0.63;
Data;Time;TaskName;Completion Time in seconds; 2025.12.04;07.59.06;Set Property;0.00;
2025.12.04;07.59.06;Set Property;0.00;
2025.12.04;07.59.07;Set Property;0.00;
2025.12.04;07.59.07;Set Property;0.00;
2025.12.04;07.59.07;Set Property;0.00;
2025.12.04;07.59.08;Set Title;0.00;
2025.12.04;07.59.09;Export Ascii;0.64;
2025.12.04;07.59.09;Export Ascii;0.65;
2025.12.04;07.59.10;Export Ascii;0.64;
2025.12.04;07.59.11;Export Ascii;0.64;
2025.12.04;07.59.11;Set Title;0.00;
2025.12.04;07.59.12;Export Ascii;0.63;
2025.12.04;07.59.13;Export Ascii;0.63;
2025.12.04;07.59.14;Export Ascii;0.74;
2025.12.04;07.59.14;Export Ascii;0.62;
Data;Time;TaskName;Completion Time in seconds; 2025.12.04;08.22.27;Set Property;0.00;
2025.12.04;08.22.28;Set Property;0.00;
2025.12.04;08.22.28;Set Property;0.00;
2025.12.04;08.22.28;Set Property;0.00;
2025.12.04;08.22.28;Set Property;0.00;
2025.12.04;08.22.29;Set Title;0.00;
2025.12.04;08.22.30;Export Ascii;0.68;
2025.12.04;08.22.31;Export Ascii;0.68;
2025.12.04;08.22.31;Export Ascii;0.66;
2025.12.04;08.22.32;Export Ascii;0.66;
Data;Time;TaskName;Completion Time in seconds; 2025.12.04;08.25.37;Set Property;0.00;
2025.12.04;08.25.38;Set Property;0.00;
2025.12.04;08.25.38;Set Property;0.00;
2025.12.04;08.25.38;Set Property;0.00;
2025.12.04;08.25.39;Set Property;0.00;
2025.12.04;08.25.39;Set Title;0.00;
2025.12.04;08.25.40;Export Ascii;0.68;
2025.12.04;08.25.41;Export Ascii;0.69;
2025.12.04;08.25.42;Export Ascii;0.71;
2025.12.04;08.25.42;Export Ascii;0.68;
Data;Time;TaskName;Completion Time in seconds; 2025.12.04;08.41.41;Set Property;0.00;
2025.12.04;08.41.42;Set Property;0.00;
2025.12.04;08.41.42;Set Property;0.00;
2025.12.04;08.41.42;Set Property;0.00;
2025.12.04;08.41.42;Set Property;0.00;
2025.12.04;08.41.43;Set Title;0.00;
2025.12.04;08.41.44;Export Ascii;0.69;
2025.12.04;08.41.45;Export Ascii;0.70;
2025.12.04;08.41.45;Export Ascii;0.67;
2025.12.04;08.41.46;Export Ascii;0.69;
Data;Time;TaskName;Completion Time in seconds; 2025.12.04;08.54.47;Set Property;0.00;
2025.12.04;08.54.48;Set Property;0.00;
2025.12.04;08.54.48;Set Property;0.00;
2025.12.04;08.54.48;Set Property;0.00;
2025.12.04;08.54.49;Set Property;0.00;
2025.12.04;08.54.49;Set Title;0.00;
2025.12.04;08.54.50;Export Ascii;0.85;
2025.12.04;08.54.51;Export Ascii;0.96;
2025.12.04;08.54.52;Export Ascii;0.76;
2025.12.04;08.54.53;Export Ascii;0.72;
Data;Time;TaskName;Completion Time in seconds; 2025.12.04;09.00.54;Set Property;0.00;
2025.12.04;09.00.55;Set Property;0.00;
2025.12.04;09.00.55;Set Property;0.00;
2025.12.04;09.00.55;Set Property;0.00;
2025.12.04;09.00.56;Set Property;0.00;
2025.12.04;09.00.56;Set Title;0.00;
2025.12.04;09.00.57;Export Ascii;0.69;
2025.12.04;09.00.58;Export Ascii;0.69;
2025.12.04;09.00.59;Export Ascii;0.72;
2025.12.04;09.00.59;Export Ascii;0.81;
Data;Time;TaskName;Completion Time in seconds; 2025.12.04;09.13.06;Set Property;0.00;
2025.12.04;09.13.07;Set Property;0.00;
2025.12.04;09.13.07;Set Property;0.00;
2025.12.04;09.13.07;Set Property;0.00;
2025.12.04;09.13.08;Set Property;0.00;
2025.12.04;09.13.08;Set Title;0.00;
2025.12.04;09.13.09;Export Ascii;0.70;
2025.12.04;09.13.10;Export Ascii;0.70;
2025.12.04;09.13.11;Export Ascii;0.84;
2025.12.04;09.13.12;Export Ascii;0.70;
Data;Time;TaskName;Completion Time in seconds; 2025.12.04;09.35.56;Set Property;0.00;
2025.12.04;09.35.57;Set Property;0.00;
2025.12.04;09.35.57;Set Property;0.00;
2025.12.04;09.35.57;Set Property;0.00;
2025.12.04;09.35.57;Set Property;0.00;
2025.12.04;09.35.58;Set Title;0.00;
2025.12.04;09.35.59;Export Ascii;0.78;
2025.12.04;09.36.00;Export Ascii;0.87;
2025.12.04;09.36.01;Export Ascii;0.75;
2025.12.04;09.36.02;Export Ascii;0.76;
Data;Time;TaskName;Completion Time in seconds; 2025.12.04;09.57.16;Set Property;0.00;
2025.12.04;09.57.16;Set Property;0.00;
2025.12.04;09.57.17;Set Property;0.00;
2025.12.04;09.57.17;Set Property;0.00;
2025.12.04;09.57.17;Set Property;0.00;
2025.12.04;09.57.18;Set Title;0.00;
2025.12.04;09.57.19;Export Ascii;0.73;
2025.12.04;09.57.19;Export Ascii;0.73;
2025.12.04;09.57.20;Export Ascii;0.73;
2025.12.04;09.57.21;Export Ascii;0.70;
2025.12.04;09.57.21;Set Title;0.00;
2025.12.04;09.57.22;Export Ascii;0.70;
2025.12.04;09.57.23;Export Ascii;0.70;
2025.12.04;09.57.24;Export Ascii;0.76;
2025.12.04;09.57.24;Export Ascii;0.72;
2025.12.04;09.57.25;Set Title;0.00;
2025.12.04;09.57.26;Export Ascii;0.71;
2025.12.04;09.57.26;Export Ascii;0.70;
2025.12.04;09.57.27;Export Ascii;0.70;
2025.12.04;09.57.28;Export Ascii;0.73;
2025.12.04;09.57.28;Set Title;0.00;
2025.12.04;09.57.29;Export Ascii;0.73;
2025.12.04;09.57.30;Export Ascii;0.71;
2025.12.04;09.57.31;Export Ascii;0.73;
2025.12.04;09.57.32;Export Ascii;0.70;
2025.12.04;09.57.32;Set Title;0.00;
2025.12.04;09.57.33;Export Ascii;0.70;
2025.12.04;09.57.34;Export Ascii;0.71;
2025.12.04;09.57.35;Export Ascii;0.81;
2025.12.04;09.57.35;Export Ascii;0.72;
2025.12.04;09.57.36;Set Title;0.00;
2025.12.04;09.57.37;Export Ascii;0.71;
2025.12.04;09.57.38;Export Ascii;0.70;
2025.12.04;09.57.38;Export Ascii;0.70;
2025.12.04;09.57.39;Export Ascii;0.78;
2025.12.04;09.57.40;Set Title;0.00;
2025.12.04;09.57.41;Export Ascii;0.70;
2025.12.04;09.57.41;Export Ascii;0.82;
2025.12.04;09.57.42;Export Ascii;0.73;
2025.12.04;09.57.43;Export Ascii;0.71;
2025.12.04;09.57.44;Set Title;0.00;
2025.12.04;09.57.45;Export Ascii;0.75;
2025.12.04;09.57.45;Export Ascii;0.79;
2025.12.04;09.57.46;Export Ascii;0.78;
2025.12.04;09.57.47;Export Ascii;0.76;
2025.12.04;09.57.48;Set Title;0.00;
2025.12.04;09.57.49;Export Ascii;0.85;
2025.12.04;09.57.50;Export Ascii;0.86;
2025.12.04;09.57.51;Export Ascii;0.75;
2025.12.04;09.57.52;Export Ascii;0.82;
2025.12.04;09.57.52;Set Title;0.00;
2025.12.04;09.57.53;Export Ascii;0.90;
2025.12.04;09.57.54;Export Ascii;0.75;
2025.12.04;09.57.55;Export Ascii;0.72;
2025.12.04;09.57.56;Export Ascii;0.79;
2025.12.04;09.57.56;Set Title;0.00;
2025.12.04;09.57.57;Export Ascii;0.76;
2025.12.04;09.57.58;Export Ascii;0.77;
2025.12.04;09.57.59;Export Ascii;0.74;
2025.12.04;09.58.00;Export Ascii;0.75;
Data;Time;TaskName;Completion Time in seconds; 2025.12.04;10.12.13;Set Property;0.00;
2025.12.04;10.12.13;Set Property;0.00;
2025.12.04;10.12.13;Set Property;0.00;
2025.12.04;10.12.14;Set Property;0.00;
2025.12.04;10.12.14;Set Property;0.00;
2025.12.04;10.12.15;Set Title;0.00;
2025.12.04;10.12.16;Export Ascii;0.75;
2025.12.04;10.12.17;Export Ascii;0.84;
2025.12.04;10.12.18;Export Ascii;0.76;
2025.12.04;10.12.18;Export Ascii;0.74;
2025.12.04;10.12.19;Set Title;0.00;
2025.12.04;10.12.20;Export Ascii;0.85;
2025.12.04;10.12.21;Export Ascii;0.87;
2025.12.04;10.12.22;Export Ascii;0.74;
2025.12.04;10.12.23;Export Ascii;0.74;
2025.12.04;10.12.23;Set Title;0.00;
2025.12.04;10.12.24;Export Ascii;0.78;
2025.12.04;10.12.25;Export Ascii;0.80;
2025.12.04;10.12.26;Export Ascii;0.75;
2025.12.04;10.12.27;Export Ascii;0.75;
2025.12.04;10.12.27;Set Title;0.00;
2025.12.04;10.12.28;Export Ascii;0.84;
2025.12.04;10.12.29;Export Ascii;0.79;
2025.12.04;10.12.30;Export Ascii;1.08;
2025.12.04;10.12.31;Export Ascii;0.74;
2025.12.04;10.12.32;Set Title;0.00;
2025.12.04;10.12.33;Export Ascii;0.74;
2025.12.04;10.12.33;Export Ascii;0.73;
2025.12.04;10.12.34;Export Ascii;0.83;
2025.12.04;10.12.35;Export Ascii;0.72;
2025.12.04;10.12.35;Set Title;0.00;
2025.12.04;10.12.36;Export Ascii;0.74;
2025.12.04;10.12.37;Export Ascii;0.75;
2025.12.04;10.12.38;Export Ascii;0.73;
2025.12.04;10.12.39;Export Ascii;0.76;
Data;Time;TaskName;Completion Time in seconds; 2025.12.04;10.28.21;Set Property;0.00;
2025.12.04;10.28.22;Set Property;0.00;
2025.12.04;10.28.22;Set Property;0.00;
2025.12.04;10.28.22;Set Property;0.00;
2025.12.04;10.28.22;Set Property;0.00;
2025.12.04;10.28.23;Set Title;0.00;
2025.12.04;10.28.24;Export Ascii;0.84;
2025.12.04;10.28.25;Export Ascii;0.76;
2025.12.04;10.28.26;Export Ascii;0.77;
2025.12.04;10.28.27;Export Ascii;1.02;
2025.12.04;10.28.27;Set Title;0.00;
2025.12.04;10.28.28;Export Ascii;0.75;
2025.12.04;10.28.29;Export Ascii;0.75;
2025.12.04;10.28.30;Export Ascii;0.75;
2025.12.04;10.28.31;Export Ascii;0.73;
Data;Time;TaskName;Completion Time in seconds; 2025.12.04;11.03.17;Set Property;0.00;
2025.12.04;11.03.18;Set Property;0.00;
2025.12.04;11.03.18;Set Property;0.00;
2025.12.04;11.03.18;Set Property;0.00;
2025.12.04;11.03.19;Set Property;0.00;
2025.12.04;11.03.19;Set Title;0.00;
2025.12.04;11.03.20;Export Ascii;0.79;
2025.12.04;11.03.21;Export Ascii;0.88;
2025.12.04;11.03.22;Export Ascii;0.85;
2025.12.04;11.03.23;Export Ascii;0.77;
2025.12.04;11.03.24;Set Title;0.00;
2025.12.04;11.03.25;Export Ascii;0.73;
2025.12.04;11.03.26;Export Ascii;0.74;
2025.12.04;11.03.26;Export Ascii;0.57;
2025.12.04;11.03.27;Export Ascii;0.92;
2025.12.04;11.03.28;Set Title;0.00;
2025.12.04;11.03.29;Export Ascii;0.88;
2025.12.04;11.03.30;Export Ascii;0.90;
2025.12.04;11.03.31;Export Ascii;0.92;
2025.12.04;11.03.32;Export Ascii;0.82;
Data;Time;TaskName;Completion Time in seconds; 2025.12.04;11.15.36;Set Property;0.00;
2025.12.04;11.15.36;Set Property;0.00;
2025.12.04;11.15.36;Set Property;0.00;
2025.12.04;11.15.37;Set Property;0.01;
2025.12.04;11.15.37;Set Property;0.00;
2025.12.04;11.15.37;Set Title;0.00;
2025.12.04;11.15.38;Export Ascii;0.83;
2025.12.04;11.15.39;Export Ascii;0.82;
2025.12.04;11.15.40;Export Ascii;0.86;
2025.12.04;11.15.41;Export Ascii;0.79;
2025.12.04;11.15.42;Set Title;0.00;
2025.12.04;11.15.43;Export Ascii;0.87;
2025.12.04;11.15.44;Export Ascii;0.77;
2025.12.04;11.15.45;Export Ascii;0.75;
2025.12.04;11.15.45;Export Ascii;0.74;
2025.12.04;11.15.46;Set Title;0.00;
2025.12.04;11.15.47;Export Ascii;0.86;
2025.12.04;11.15.48;Export Ascii;0.84;
2025.12.04;11.15.49;Export Ascii;0.80;
2025.12.04;11.15.50;Export Ascii;0.76;
2025.12.04;11.15.50;Set Title;0.00;
2025.12.04;11.15.51;Export Ascii;0.87;
2025.12.04;11.15.52;Export Ascii;0.75;
2025.12.04;11.15.53;Export Ascii;0.78;
2025.12.04;11.15.54;Export Ascii;0.86;
Data;Time;TaskName;Completion Time in seconds; 2025.12.04;12.11.26;Set Property;0.00;
2025.12.04;12.11.27;Set Property;0.00;
2025.12.04;12.11.27;Set Property;0.00;
2025.12.04;12.11.27;Set Property;0.00;
2025.12.04;12.11.27;Set Property;0.00;
2025.12.04;12.11.28;Set Title;0.00;
2025.12.04;12.11.28;Export Ascii;0.32;
2025.12.04;12.11.29;Export Ascii;0.31;
2025.12.04;12.11.29;Export Ascii;0.33;
2025.12.04;12.11.30;Export Ascii;0.31;
2025.12.04;12.11.30;Set Title;0.00;
2025.12.04;12.11.31;Export Ascii;0.33;
2025.12.04;12.11.32;Export Ascii;0.42;
2025.12.04;12.11.32;Export Ascii;0.42;
2025.12.04;12.11.32;Export Ascii;0.31;
Data;Time;TaskName;Completion Time in seconds; 2025.12.04;12.15.38;Set Property;0.00;
2025.12.04;12.15.38;Set Property;0.00;
2025.12.04;12.15.39;Set Property;0.00;
2025.12.04;12.15.39;Set Property;0.00;
2025.12.04;12.15.39;Set Property;0.00;
2025.12.04;12.15.40;Set Title;0.00;
2025.12.04;12.15.40;Export Ascii;0.48;
2025.12.04;12.15.41;Export Ascii;0.44;
2025.12.04;12.15.41;Export Ascii;0.34;
2025.12.04;12.15.42;Export Ascii;0.32;
2025.12.04;12.15.42;Set Title;0.00;
2025.12.04;12.15.43;Export Ascii;0.37;
2025.12.04;12.15.43;Export Ascii;0.32;
2025.12.04;12.15.44;Export Ascii;0.31;
2025.12.04;12.15.44;Export Ascii;0.30;
Data;Time;TaskName;Completion Time in seconds; 2025.12.04;12.20.14;Set Property;0.00;
2025.12.04;12.20.14;Set Property;0.00;
2025.12.04;12.20.14;Set Property;0.00;
2025.12.04;12.20.15;Set Property;0.00;
2025.12.04;12.20.15;Set Property;0.00;
2025.12.04;12.20.15;Set Title;0.00;
2025.12.04;12.20.16;Export Ascii;0.34;
2025.12.04;12.20.17;Export Ascii;0.33;
2025.12.04;12.20.17;Export Ascii;0.34;
2025.12.04;12.20.18;Export Ascii;0.33;
2025.12.04;12.20.18;Set Title;0.00;
2025.12.04;12.20.19;Export Ascii;0.32;
2025.12.04;12.20.19;Export Ascii;0.40;
2025.12.04;12.20.20;Export Ascii;0.33;
2025.12.04;12.20.20;Export Ascii;0.31;
Data;Time;TaskName;Completion Time in seconds; 2025.12.04;12.48.21;Set Property;0.00;
2025.12.04;12.48.21;Set Property;0.00;
2025.12.04;12.48.21;Set Property;0.00;
2025.12.04;12.48.22;Set Property;0.00;
2025.12.04;12.48.22;Set Property;0.00;
2025.12.04;12.48.22;Set Title;0.00;
2025.12.04;12.48.23;Export Ascii;0.35;
2025.12.04;12.48.24;Export Ascii;0.34;
2025.12.04;12.48.24;Export Ascii;0.36;
2025.12.04;12.48.25;Export Ascii;0.35;
2025.12.04;12.48.25;Set Title;0.00;
2025.12.04;12.48.26;Export Ascii;0.43;
2025.12.04;12.48.26;Export Ascii;0.35;
2025.12.04;12.48.27;Export Ascii;0.33;
2025.12.04;12.48.27;Export Ascii;0.35;
2025.12.04;12.48.28;Set Title;0.00;
2025.12.04;12.48.28;Export Ascii;0.34;
2025.12.04;12.48.29;Export Ascii;0.35;
2025.12.04;12.48.29;Export Ascii;0.35;
2025.12.04;12.48.30;Export Ascii;0.34;
2025.12.04;12.48.30;Set Title;0.00;
2025.12.04;12.48.31;Export Ascii;0.33;
2025.12.04;12.48.31;Export Ascii;0.32;
2025.12.04;12.48.32;Export Ascii;0.32;
2025.12.04;12.48.32;Export Ascii;0.31;
2025.12.04;12.48.33;Set Title;0.00;
2025.12.04;12.48.33;Export Ascii;0.34;
2025.12.04;12.48.34;Export Ascii;0.45;
2025.12.04;12.48.34;Export Ascii;0.33;
2025.12.04;12.48.35;Export Ascii;0.34;
2025.12.04;12.48.35;Set Title;0.00;
2025.12.04;12.48.36;Export Ascii;0.31;
2025.12.04;12.48.36;Export Ascii;0.32;
2025.12.04;12.48.37;Export Ascii;0.38;
2025.12.04;12.48.37;Export Ascii;0.32;
Data;Time;TaskName;Completion Time in seconds; 2025.12.04;12.55.48;Set Property;0.00;
2025.12.04;12.55.48;Set Property;0.00;
2025.12.04;12.55.48;Set Property;0.00;
2025.12.04;12.55.49;Set Property;0.00;
2025.12.04;12.55.49;Set Property;0.00;
2025.12.04;12.55.49;Set Title;0.00;
2025.12.04;12.55.50;Export Ascii;0.32;
2025.12.04;12.55.50;Export Ascii;0.39;
2025.12.04;12.55.51;Export Ascii;0.32;
2025.12.04;12.55.51;Export Ascii;0.34;
2025.12.04;12.55.52;Set Title;0.00;
2025.12.04;12.55.52;Export Ascii;0.33;
2025.12.04;12.55.53;Export Ascii;0.32;
2025.12.04;12.55.53;Export Ascii;0.34;
2025.12.04;12.55.54;Export Ascii;0.34;
2025.12.04;12.55.54;Set Title;0.00;
2025.12.04;12.55.55;Export Ascii;0.34;
2025.12.04;12.55.56;Export Ascii;0.35;
2025.12.04;12.55.56;Export Ascii;0.33;
2025.12.04;12.55.57;Export Ascii;0.45;
2025.12.04;12.55.57;Set Title;0.00;
2025.12.04;12.55.58;Export Ascii;0.34;
2025.12.04;12.55.58;Export Ascii;0.45;
2025.12.04;12.55.59;Export Ascii;0.34;
2025.12.04;12.55.59;Export Ascii;0.35;
2025.12.04;12.56.00;Set Title;0.00;
2025.12.04;12.56.00;Export Ascii;0.33;
2025.12.04;12.56.01;Export Ascii;0.34;
2025.12.04;12.56.01;Export Ascii;0.34;
2025.12.04;12.56.02;Export Ascii;0.34;
2025.12.04;12.56.02;Set Title;0.00;
2025.12.04;12.56.03;Export Ascii;0.34;
2025.12.04;12.56.03;Export Ascii;0.35;
2025.12.04;12.56.04;Export Ascii;0.47;
2025.12.04;12.56.04;Export Ascii;0.34;
Data;Time;TaskName;Completion Time in seconds; 2025.12.04;13.29.12;Set Property;0.00;
2025.12.04;13.29.12;Set Property;0.00;
2025.12.04;13.29.13;Set Property;0.00;
2025.12.04;13.29.13;Set Property;0.00;
2025.12.04;13.29.13;Set Property;0.00;
2025.12.04;13.29.14;Set Title;0.00;
2025.12.04;13.29.14;Export Ascii;0.20;
2025.12.04;13.29.14;Export Ascii;0.21;
2025.12.04;13.29.15;Export Ascii;0.22;
2025.12.04;13.29.15;Export Ascii;0.20;
Data;Time;TaskName;Completion Time in seconds; 2025.12.04;15.02.42;Set Property;0.00;
2025.12.04;15.02.43;Set Property;0.01;
2025.12.04;15.02.43;Set Property;0.00;
2025.12.04;15.02.43;Set Property;0.00;
2025.12.04;15.02.43;Set Property;0.00;
2025.12.04;15.02.44;Set Title;0.00;
2025.12.04;15.02.45;Export Ascii;0.40;
2025.12.04;15.02.45;Export Ascii;0.40;
2025.12.04;15.02.46;Export Ascii;0.51;
2025.12.04;15.02.46;Export Ascii;0.39;
2025.12.04;15.02.47;Set Title;0.00;
2025.12.04;15.02.47;Export Ascii;0.41;
2025.12.04;15.02.48;Export Ascii;0.42;
2025.12.04;15.02.48;Export Ascii;0.52;
2025.12.04;15.02.49;Export Ascii;0.41;
2025.12.04;15.02.49;Set Title;0.00;
2025.12.04;15.02.50;Export Ascii;0.44;
2025.12.04;15.02.51;Export Ascii;0.60;
2025.12.04;15.02.51;Export Ascii;0.44;
2025.12.04;15.02.52;Export Ascii;0.43;
2025.12.04;15.02.52;Set Title;0.00;
2025.12.04;15.02.53;Export Ascii;0.41;
2025.12.04;15.02.53;Export Ascii;0.53;
2025.12.04;15.02.54;Export Ascii;0.42;
2025.12.04;15.02.55;Export Ascii;0.46;
2025.12.04;15.02.55;Set Title;0.00;
2025.12.04;15.02.56;Export Ascii;0.44;
2025.12.04;15.02.56;Export Ascii;0.41;
2025.12.04;15.02.57;Export Ascii;0.41;
2025.12.04;15.02.57;Export Ascii;0.41;
2025.12.04;15.02.58;Set Title;0.00;
2025.12.04;15.02.58;Export Ascii;0.40;
2025.12.04;15.02.59;Export Ascii;0.40;
2025.12.04;15.02.59;Export Ascii;0.38;
2025.12.04;15.03.00;Export Ascii;0.40;
Data;Time;TaskName;Completion Time in seconds; 2025.12.04;15.06.46;Set Property;0.00;
2025.12.04;15.06.46;Set Property;0.00;
2025.12.04;15.06.47;Set Property;0.00;
2025.12.04;15.06.47;Set Property;0.00;
2025.12.04;15.06.47;Set Property;0.00;
2025.12.04;15.06.48;Set Title;0.00;
2025.12.04;15.06.48;Export Ascii;0.39;
2025.12.04;15.06.49;Export Ascii;0.42;
2025.12.04;15.06.49;Export Ascii;0.40;
2025.12.04;15.06.50;Export Ascii;0.41;
Data;Time;TaskName;Completion Time in seconds; 2025.12.04;15.53.21;Set Property;0.00;
2025.12.04;15.53.22;Set Property;0.00;
2025.12.04;15.53.22;Set Property;0.00;
2025.12.04;15.53.22;Set Property;0.00;
2025.12.04;15.53.22;Set Property;0.00;
2025.12.04;15.53.23;Set Title;0.00;
2025.12.04;15.53.24;Export Ascii;0.43;
2025.12.04;15.53.24;Export Ascii;0.55;
2025.12.04;15.53.25;Export Ascii;0.61;
2025.12.04;15.53.26;Export Ascii;0.44;
2025.12.04;15.53.26;Set Title;0.00;
2025.12.04;15.53.27;Export Ascii;0.53;
2025.12.04;15.53.28;Export Ascii;0.42;
2025.12.04;15.53.28;Export Ascii;0.49;
2025.12.04;15.53.29;Export Ascii;0.43;
2025.12.04;15.53.29;Set Title;0.00;
2025.12.04;15.53.30;Export Ascii;0.78;
2025.12.04;15.53.31;Export Ascii;0.49;
2025.12.04;15.53.31;Export Ascii;0.50;
2025.12.04;15.53.32;Export Ascii;0.50;
2025.12.04;15.53.32;Set Title;0.00;
2025.12.04;15.53.33;Export Ascii;0.52;
2025.12.04;15.53.34;Export Ascii;0.43;
2025.12.04;15.53.34;Export Ascii;0.43;
2025.12.04;15.53.35;Export Ascii;0.69;
2025.12.04;15.53.35;Set Title;0.00;
2025.12.04;15.53.36;Export Ascii;0.41;
2025.12.04;15.53.37;Export Ascii;0.54;
2025.12.04;15.53.37;Export Ascii;0.42;
2025.12.04;15.53.38;Export Ascii;0.42;
2025.12.04;15.53.38;Set Title;0.00;
2025.12.04;15.53.39;Export Ascii;0.41;
2025.12.04;15.53.39;Export Ascii;0.45;
2025.12.04;15.53.40;Export Ascii;0.73;
2025.12.04;15.53.41;Export Ascii;0.41;
Data;Time;TaskName;Completion Time in seconds; 2025.12.04;15.59.13;Set Property;0.00;
2025.12.04;15.59.13;Set Property;0.00;
2025.12.04;15.59.13;Set Property;0.00;
2025.12.04;15.59.14;Set Property;0.00;
2025.12.04;15.59.14;Set Property;0.00;
2025.12.04;15.59.14;Set Title;0.00;
2025.12.04;15.59.15;Export Ascii;0.44;
2025.12.04;15.59.16;Export Ascii;0.43;
2025.12.04;15.59.16;Export Ascii;0.43;
2025.12.04;15.59.17;Export Ascii;0.44;
2025.12.04;15.59.17;Set Title;0.00;
2025.12.04;15.59.18;Export Ascii;0.43;
2025.12.04;15.59.18;Export Ascii;0.45;
2025.12.04;15.59.19;Export Ascii;0.45;
2025.12.04;15.59.19;Export Ascii;0.55;
2025.12.04;15.59.20;Set Title;0.00;
2025.12.04;15.59.20;Export Ascii;0.43;
2025.12.04;15.59.21;Export Ascii;0.45;
2025.12.04;15.59.21;Export Ascii;0.42;
2025.12.04;15.59.22;Export Ascii;0.46;
2025.12.04;15.59.22;Set Title;0.00;
2025.12.04;15.59.23;Export Ascii;0.43;
2025.12.04;15.59.24;Export Ascii;0.44;
2025.12.04;15.59.24;Export Ascii;0.43;
2025.12.04;15.59.25;Export Ascii;0.44;
2025.12.04;15.59.25;Set Title;0.00;
2025.12.04;15.59.26;Export Ascii;0.56;
2025.12.04;15.59.26;Export Ascii;0.44;
2025.12.04;15.59.27;Export Ascii;0.60;
2025.12.04;15.59.28;Export Ascii;0.42;
2025.12.04;15.59.28;Set Title;0.00;
2025.12.04;15.59.29;Export Ascii;0.53;
2025.12.04;15.59.29;Export Ascii;0.43;
2025.12.04;15.59.30;Export Ascii;0.54;
2025.12.04;15.59.31;Export Ascii;0.44;
2025.12.04;15.59.31;Set Title;0.00;
2025.12.04;15.59.32;Export Ascii;0.27;
2025.12.04;15.59.32;Export Ascii;0.31;
2025.12.04;15.59.33;Export Ascii;0.28;
2025.12.04;15.59.33;Export Ascii;0.30;
Data;Time;TaskName;Completion Time in seconds; 2025.12.04;16.03.42;Set Property;0.00;
2025.12.04;16.03.43;Set Property;0.00;
2025.12.04;16.03.43;Set Property;0.00;
2025.12.04;16.03.43;Set Property;0.00;
2025.12.04;16.03.43;Set Property;0.00;
2025.12.04;16.03.44;Set Title;0.00;
2025.12.04;16.03.45;Export Ascii;0.47;
2025.12.04;16.03.45;Export Ascii;0.44;
2025.12.04;16.03.46;Export Ascii;0.49;
2025.12.04;16.03.46;Export Ascii;0.47;
2025.12.04;16.03.46;Set Title;0.00;
2025.12.04;16.03.47;Export Ascii;0.47;
2025.12.04;16.03.48;Export Ascii;0.42;
2025.12.04;16.03.48;Export Ascii;0.43;
2025.12.04;16.03.49;Export Ascii;0.57;
2025.12.04;16.03.49;Set Title;0.00;
2025.12.04;16.03.50;Export Ascii;0.44;
2025.12.04;16.03.50;Export Ascii;0.43;
2025.12.04;16.03.51;Export Ascii;0.46;
2025.12.04;16.03.51;Export Ascii;0.43;
2025.12.04;16.03.52;Set Title;0.00;
2025.12.04;16.03.53;Export Ascii;0.46;
2025.12.04;16.03.53;Export Ascii;0.42;
2025.12.04;16.03.54;Export Ascii;0.43;
2025.12.04;16.03.54;Export Ascii;0.60;
2025.12.04;16.03.55;Set Title;0.00;
2025.12.04;16.03.55;Export Ascii;0.45;
2025.12.04;16.03.56;Export Ascii;0.42;
2025.12.04;16.03.56;Export Ascii;0.41;
2025.12.04;16.03.57;Export Ascii;0.47;
2025.12.04;16.03.57;Set Title;0.00;
2025.12.04;16.03.58;Export Ascii;0.43;
2025.12.04;16.03.58;Export Ascii;0.43;
2025.12.04;16.03.59;Export Ascii;0.42;
2025.12.04;16.03.59;Export Ascii;0.41;
Data;Time;TaskName;Completion Time in seconds; 2025.12.04;16.11.48;Set Property;0.00;
2025.12.04;16.11.49;Set Property;0.00;
2025.12.04;16.11.49;Set Property;0.00;
2025.12.04;16.11.49;Set Property;0.00;
2025.12.04;16.11.49;Set Property;0.00;
2025.12.04;16.11.50;Set Title;0.00;
2025.12.04;16.11.51;Export Ascii;0.44;
2025.12.04;16.11.51;Export Ascii;0.45;
2025.12.04;16.11.52;Export Ascii;0.43;
2025.12.04;16.11.52;Export Ascii;0.45;
2025.12.04;16.11.52;Set Title;0.00;
2025.12.04;16.11.53;Export Ascii;0.46;
2025.12.04;16.11.54;Export Ascii;0.49;
2025.12.04;16.11.54;Export Ascii;0.46;
2025.12.04;16.11.55;Export Ascii;0.44;
2025.12.04;16.11.55;Set Title;0.00;
2025.12.04;16.11.56;Export Ascii;0.56;
2025.12.04;16.11.57;Export Ascii;0.44;
2025.12.04;16.11.57;Export Ascii;0.50;
2025.12.04;16.11.58;Export Ascii;0.45;
2025.12.04;16.11.58;Set Title;0.00;
2025.12.04;16.11.59;Export Ascii;0.45;
2025.12.04;16.11.59;Export Ascii;0.48;
2025.12.04;16.12.00;Export Ascii;0.49;
2025.12.04;16.12.00;Export Ascii;0.50;
2025.12.04;16.12.00;Set Title;0.00;
2025.12.04;16.12.01;Export Ascii;0.56;
2025.12.04;16.12.02;Export Ascii;0.60;
2025.12.04;16.12.03;Export Ascii;0.48;
2025.12.04;16.12.03;Export Ascii;0.46;
2025.12.04;16.12.03;Set Title;0.00;
2025.12.04;16.12.04;Export Ascii;0.56;
2025.12.04;16.12.05;Export Ascii;0.49;
2025.12.04;16.12.05;Export Ascii;0.45;
2025.12.04;16.12.06;Export Ascii;0.44;
Data;Time;TaskName;Completion Time in seconds; 2025.12.04;16.21.34;Set Property;0.00;
2025.12.04;16.21.34;Set Property;0.00;
2025.12.04;16.21.35;Set Property;0.00;
2025.12.04;16.21.35;Set Property;0.00;
2025.12.04;16.21.35;Set Property;0.00;
2025.12.04;16.21.36;Set Title;0.00;
2025.12.04;16.21.36;Export Ascii;0.52;
2025.12.04;16.21.37;Export Ascii;0.56;
2025.12.04;16.21.38;Export Ascii;0.42;
2025.12.04;16.21.38;Export Ascii;0.49;
2025.12.04;16.21.39;Set Title;0.00;
2025.12.04;16.21.40;Export Ascii;0.56;
2025.12.04;16.21.40;Export Ascii;0.52;
2025.12.04;16.21.41;Export Ascii;0.40;
2025.12.04;16.21.41;Export Ascii;0.43;
2025.12.04;16.21.42;Set Title;0.00;
2025.12.04;16.21.43;Export Ascii;0.52;
2025.12.04;16.21.43;Export Ascii;0.43;
2025.12.04;16.21.44;Export Ascii;0.47;
2025.12.04;16.21.44;Export Ascii;0.44;
2025.12.04;16.21.45;Set Title;0.00;
2025.12.04;16.21.45;Export Ascii;0.47;
2025.12.04;16.21.46;Export Ascii;0.49;
2025.12.04;16.21.47;Export Ascii;0.62;
2025.12.04;16.21.47;Export Ascii;0.51;
2025.12.04;16.21.48;Set Title;0.00;
2025.12.04;16.21.49;Export Ascii;0.72;
2025.12.04;16.21.49;Export Ascii;0.50;
2025.12.04;16.21.50;Export Ascii;0.48;
2025.12.04;16.21.50;Export Ascii;0.50;
2025.12.04;16.21.51;Set Title;0.00;
2025.12.04;16.21.51;Export Ascii;0.47;
2025.12.04;16.21.52;Export Ascii;0.51;
2025.12.04;16.21.53;Export Ascii;0.48;
2025.12.04;16.21.53;Export Ascii;0.48;
Data;Time;TaskName;Completion Time in seconds; 2025.12.04;16.27.42;Set Property;0.00;
2025.12.04;16.27.42;Set Property;0.00;
2025.12.04;16.27.42;Set Property;0.00;
2025.12.04;16.27.43;Set Property;0.00;
2025.12.04;16.27.43;Set Property;0.00;
2025.12.04;16.27.43;Set Title;0.00;
2025.12.04;16.27.44;Export Ascii;0.47;
2025.12.04;16.27.45;Export Ascii;0.52;
2025.12.04;16.27.45;Export Ascii;0.55;
2025.12.04;16.27.46;Export Ascii;0.45;
Data;Time;TaskName;Completion Time in seconds; 2025.12.04;17.44.13;Set Property;0.00;
2025.12.04;17.44.13;Set Property;0.00;
2025.12.04;17.44.13;Set Property;0.00;
2025.12.04;17.44.14;Set Property;0.00;
2025.12.04;17.44.14;Set Property;0.00;
2025.12.04;17.44.14;Set Title;0.00;
2025.12.04;17.44.15;Export Ascii;0.42;
2025.12.04;17.44.16;Export Ascii;0.41;
2025.12.04;17.44.16;Export Ascii;0.42;
2025.12.04;17.44.17;Export Ascii;0.41;
2025.12.04;17.44.17;Set Title;0.00;
2025.12.04;17.44.18;Export Ascii;0.42;
2025.12.04;17.44.18;Export Ascii;0.41;
2025.12.04;17.44.19;Export Ascii;0.40;
2025.12.04;17.44.19;Export Ascii;0.42;
2025.12.04;17.44.20;Set Title;0.00;
2025.12.04;17.44.20;Export Ascii;0.44;
2025.12.04;17.44.21;Export Ascii;0.46;
2025.12.04;17.44.21;Export Ascii;0.45;
2025.12.04;17.44.22;Export Ascii;0.49;
2025.12.04;17.44.22;Set Title;0.00;
2025.12.04;17.44.23;Export Ascii;0.49;
2025.12.04;17.44.23;Export Ascii;0.44;
2025.12.04;17.44.24;Export Ascii;0.44;
2025.12.04;17.44.24;Export Ascii;0.44;
2025.12.04;17.44.25;Set Title;0.00;
2025.12.04;17.44.25;Export Ascii;0.44;
2025.12.04;17.44.26;Export Ascii;0.43;
2025.12.04;17.44.26;Export Ascii;0.43;
2025.12.04;17.44.27;Export Ascii;0.43;
2025.12.04;17.44.27;Set Title;0.00;
2025.12.04;17.44.28;Export Ascii;0.42;
2025.12.04;17.44.28;Export Ascii;0.42;
2025.12.04;17.44.29;Export Ascii;0.42;
2025.12.04;17.44.30;Export Ascii;0.41;
Data;Time;TaskName;Completion Time in seconds; 2025.12.04;18.03.01;Set Property;0.00;
2025.12.04;18.03.01;Set Property;0.00;
2025.12.04;18.03.01;Set Property;0.00;
2025.12.04;18.03.02;Set Property;0.00;
2025.12.04;18.03.02;Set Property;0.00;
2025.12.04;18.03.02;Set Title;0.00;
2025.12.04;18.03.03;Export Ascii;0.49;
2025.12.04;18.03.04;Export Ascii;0.48;
2025.12.04;18.03.04;Export Ascii;0.51;
2025.12.04;18.03.05;Export Ascii;0.50;
2025.12.04;18.03.05;Set Title;0.00;
2025.12.04;18.03.06;Export Ascii;0.51;
2025.12.04;18.03.06;Export Ascii;0.50;
2025.12.04;18.03.07;Export Ascii;0.54;
2025.12.04;18.03.07;Export Ascii;0.47;
2025.12.04;18.03.08;Set Title;0.00;
2025.12.04;18.03.09;Export Ascii;0.60;
2025.12.04;18.03.09;Export Ascii;0.60;
2025.12.04;18.03.10;Export Ascii;0.50;
2025.12.04;18.03.11;Export Ascii;0.50;
2025.12.04;18.03.11;Set Title;0.00;
2025.12.04;18.03.12;Export Ascii;0.76;
2025.12.04;18.03.12;Export Ascii;0.47;
2025.12.04;18.03.13;Export Ascii;0.49;
2025.12.04;18.03.14;Export Ascii;0.61;
2025.12.04;18.03.14;Set Title;0.00;
2025.12.04;18.03.15;Export Ascii;0.62;
2025.12.04;18.03.15;Export Ascii;0.49;
2025.12.04;18.03.16;Export Ascii;0.67;
2025.12.04;18.03.17;Export Ascii;0.47;
2025.12.04;18.03.17;Set Title;0.00;
2025.12.04;18.03.18;Export Ascii;0.47;
2025.12.04;18.03.18;Export Ascii;0.48;
2025.12.04;18.03.19;Export Ascii;0.48;
2025.12.04;18.03.19;Export Ascii;0.49;
Data;Time;TaskName;Completion Time in seconds; 2025.12.04;18.06.14;Set Property;0.00;
2025.12.04;18.06.15;Set Property;0.00;
2025.12.04;18.06.15;Set Property;0.00;
2025.12.04;18.06.15;Set Property;0.00;
2025.12.04;18.06.16;Set Property;0.00;
2025.12.04;18.06.16;Set Title;0.00;
2025.12.04;18.06.17;Export Ascii;0.49;
2025.12.04;18.06.17;Export Ascii;0.47;
2025.12.04;18.06.18;Export Ascii;0.46;
2025.12.04;18.06.18;Export Ascii;0.48;
2025.12.04;18.06.19;Set Title;0.00;
2025.12.04;18.06.19;Export Ascii;0.47;
2025.12.04;18.06.20;Export Ascii;0.46;
2025.12.04;18.06.20;Export Ascii;0.46;
2025.12.04;18.06.21;Export Ascii;0.58;
2025.12.04;18.06.21;Set Title;0.00;
2025.12.04;18.06.22;Export Ascii;0.48;
2025.12.04;18.06.23;Export Ascii;0.48;
2025.12.04;18.06.23;Export Ascii;0.47;
2025.12.04;18.06.24;Export Ascii;0.48;
2025.12.04;18.06.24;Set Title;0.00;
2025.12.04;18.06.25;Export Ascii;0.47;
2025.12.04;18.06.25;Export Ascii;0.46;
2025.12.04;18.06.26;Export Ascii;0.45;
2025.12.04;18.06.26;Export Ascii;0.47;
2025.12.04;18.06.27;Set Title;0.00;
2025.12.04;18.06.27;Export Ascii;0.50;
2025.12.04;18.06.28;Export Ascii;0.47;
2025.12.04;18.06.28;Export Ascii;0.56;
2025.12.04;18.06.29;Export Ascii;0.45;
2025.12.04;18.06.29;Set Title;0.00;
2025.12.04;18.06.30;Export Ascii;0.45;
2025.12.04;18.06.31;Export Ascii;0.47;
2025.12.04;18.06.31;Export Ascii;0.46;
2025.12.04;18.06.32;Export Ascii;0.47;
2025.12.04;18.06.32;Set Title;0.00;
2025.12.04;18.06.33;Export Ascii;0.33;
2025.12.04;18.06.33;Export Ascii;0.34;
2025.12.04;18.06.34;Export Ascii;0.33;
2025.12.04;18.06.34;Export Ascii;0.34;
Data;Time;TaskName;Completion Time in seconds; 2025.12.04;18.09.35;Set Property;0.00;
2025.12.04;18.09.35;Set Property;0.00;
2025.12.04;18.09.36;Set Property;0.00;
2025.12.04;18.09.36;Set Property;0.00;
2025.12.04;18.09.36;Set Property;0.00;
2025.12.04;18.09.37;Set Title;0.00;
2025.12.04;18.09.37;Export Ascii;0.46;
2025.12.04;18.09.38;Export Ascii;0.46;
2025.12.04;18.09.38;Export Ascii;0.48;
2025.12.04;18.09.39;Export Ascii;0.48;
2025.12.04;18.09.39;Set Title;0.00;
2025.12.04;18.09.40;Export Ascii;0.50;
2025.12.04;18.09.40;Export Ascii;0.46;
2025.12.04;18.09.41;Export Ascii;0.48;
2025.12.04;18.09.41;Export Ascii;0.48;
2025.12.04;18.09.42;Set Title;0.00;
2025.12.04;18.09.42;Export Ascii;0.48;
2025.12.04;18.09.43;Export Ascii;0.48;
2025.12.04;18.09.44;Export Ascii;0.49;
2025.12.04;18.09.44;Export Ascii;0.46;
2025.12.04;18.09.44;Set Title;0.00;
2025.12.04;18.09.45;Export Ascii;0.49;
2025.12.04;18.09.46;Export Ascii;0.45;
2025.12.04;18.09.46;Export Ascii;0.56;
2025.12.04;18.09.47;Export Ascii;0.48;
2025.12.04;18.09.47;Set Title;0.00;
2025.12.04;18.09.48;Export Ascii;0.58;
2025.12.04;18.09.49;Export Ascii;0.47;
2025.12.04;18.09.49;Export Ascii;0.54;
2025.12.04;18.09.50;Export Ascii;0.46;
2025.12.04;18.09.50;Set Title;0.00;
2025.12.04;18.09.51;Export Ascii;0.47;
2025.12.04;18.09.51;Export Ascii;0.46;
2025.12.04;18.09.52;Export Ascii;0.46;
2025.12.04;18.09.52;Export Ascii;0.47;
Data;Time;TaskName;Completion Time in seconds; 2025.12.04;18.12.22;Set Property;0.00;
2025.12.04;18.12.22;Set Property;0.00;
2025.12.04;18.12.23;Set Property;0.00;
2025.12.04;18.12.23;Set Property;0.00;
2025.12.04;18.12.23;Set Property;0.00;
2025.12.04;18.12.24;Set Title;0.00;
2025.12.04;18.12.24;Export Ascii;0.48;
2025.12.04;18.12.25;Export Ascii;0.49;
2025.12.04;18.12.25;Export Ascii;0.50;
2025.12.04;18.12.26;Export Ascii;0.47;
2025.12.04;18.12.26;Set Title;0.00;
2025.12.04;18.12.27;Export Ascii;0.56;
2025.12.04;18.12.28;Export Ascii;0.48;
2025.12.04;18.12.28;Export Ascii;0.50;
2025.12.04;18.12.29;Export Ascii;0.48;
2025.12.04;18.12.29;Set Title;0.00;
2025.12.04;18.12.30;Export Ascii;0.49;
2025.12.04;18.12.30;Export Ascii;0.47;
2025.12.04;18.12.31;Export Ascii;0.47;
2025.12.04;18.12.31;Export Ascii;0.50;
2025.12.04;18.12.32;Set Title;0.00;
2025.12.04;18.12.32;Export Ascii;0.00;
Data;Time;TaskName;Completion Time in seconds; 2025.12.04;18.20.29;Set Property;0.00;
2025.12.04;18.20.29;Set Property;0.00;
2025.12.04;18.20.30;Set Property;0.00;
2025.12.04;18.20.30;Set Property;0.00;
2025.12.04;18.20.30;Set Property;0.00;
2025.12.04;18.20.31;Set Title;0.00;
2025.12.04;18.20.31;Export Ascii;0.44;
2025.12.04;18.20.32;Export Ascii;0.43;
2025.12.04;18.20.32;Export Ascii;0.45;
2025.12.04;18.20.33;Export Ascii;0.42;
2025.12.04;18.20.33;Set Title;0.00;
2025.12.04;18.20.34;Export Ascii;0.45;
2025.12.04;18.20.34;Export Ascii;0.44;
2025.12.04;18.20.35;Export Ascii;0.45;
2025.12.04;18.20.35;Export Ascii;0.47;
2025.12.04;18.20.36;Set Title;0.00;
2025.12.04;18.20.36;Export Ascii;0.44;
2025.12.04;18.20.37;Export Ascii;0.46;
2025.12.04;18.20.37;Export Ascii;0.45;
2025.12.04;18.20.38;Export Ascii;0.46;
2025.12.04;18.20.38;Set Title;0.00;
2025.12.04;18.20.39;Export Ascii;0.44;
2025.12.04;18.20.40;Export Ascii;0.44;
2025.12.04;18.20.40;Export Ascii;0.53;
2025.12.04;18.20.41;Export Ascii;0.44;
2025.12.04;18.20.41;Set Title;0.00;
2025.12.04;18.20.42;Export Ascii;0.44;
2025.12.04;18.20.42;Export Ascii;0.43;
2025.12.04;18.20.43;Export Ascii;0.43;
2025.12.04;18.20.43;Export Ascii;0.43;
2025.12.04;18.20.44;Set Title;0.00;
2025.12.04;18.20.44;Export Ascii;0.44;
2025.12.04;18.20.45;Export Ascii;0.46;
2025.12.04;18.20.45;Export Ascii;0.45;
2025.12.04;18.20.46;Export Ascii;0.44;
Data;Time;TaskName;Completion Time in seconds; 2025.12.04;18.27.21;Set Property;0.00;
2025.12.04;18.27.21;Set Property;0.00;
2025.12.04;18.27.21;Set Property;0.00;
2025.12.04;18.27.22;Set Property;0.00;
2025.12.04;18.27.22;Set Property;0.00;
2025.12.04;18.27.22;Set Title;0.00;
2025.12.04;18.27.23;Export Ascii;0.48;
2025.12.04;18.27.24;Export Ascii;0.49;
2025.12.04;18.27.24;Export Ascii;0.50;
2025.12.04;18.27.25;Export Ascii;0.51;
2025.12.04;18.27.25;Set Title;0.00;
2025.12.04;18.27.26;Export Ascii;0.49;
2025.12.04;18.27.27;Export Ascii;0.61;
2025.12.04;18.27.27;Export Ascii;0.49;
2025.12.04;18.27.28;Export Ascii;0.48;
2025.12.04;18.27.28;Set Title;0.00;
2025.12.04;18.27.29;Export Ascii;0.62;
2025.12.04;18.27.30;Export Ascii;0.60;
2025.12.04;18.27.30;Export Ascii;0.49;
2025.12.04;18.27.31;Export Ascii;0.49;
2025.12.04;18.27.31;Set Title;0.00;
2025.12.04;18.27.32;Export Ascii;0.50;
2025.12.04;18.27.32;Export Ascii;0.51;
2025.12.04;18.27.33;Export Ascii;0.54;
2025.12.04;18.27.34;Export Ascii;0.62;
2025.12.04;18.27.34;Set Title;0.00;
2025.12.04;18.27.35;Export Ascii;0.50;
2025.12.04;18.27.36;Export Ascii;0.50;
2025.12.04;18.27.36;Export Ascii;0.50;
2025.12.04;18.27.37;Export Ascii;0.49;
2025.12.04;18.27.37;Set Title;0.00;
2025.12.04;18.27.38;Export Ascii;0.52;
2025.12.04;18.27.39;Export Ascii;0.65;
2025.12.04;18.27.39;Export Ascii;0.52;
2025.12.04;18.27.40;Export Ascii;0.52;
Data;Time;TaskName;Completion Time in seconds; 2025.12.04;19.28.47;Set Property;0.00;
2025.12.04;19.28.48;Set Property;0.00;
2025.12.04;19.28.48;Set Property;0.00;
2025.12.04;19.28.48;Set Property;0.00;
2025.12.04;19.28.49;Set Property;0.00;
2025.12.04;19.28.49;Set Title;0.00;
2025.12.04;19.28.50;Export Ascii;0.49;
2025.12.04;19.28.50;Export Ascii;0.47;
2025.12.04;19.28.51;Export Ascii;0.47;
2025.12.04;19.28.51;Export Ascii;0.47;
2025.12.04;19.28.52;Set Title;0.00;
2025.12.04;19.28.52;Export Ascii;0.45;
2025.12.04;19.28.53;Export Ascii;0.45;
2025.12.04;19.28.53;Export Ascii;0.46;
2025.12.04;19.28.54;Export Ascii;0.50;
2025.12.04;19.28.54;Set Title;0.00;
2025.12.04;19.28.55;Export Ascii;0.48;
2025.12.04;19.28.55;Export Ascii;0.47;
2025.12.04;19.28.56;Export Ascii;0.48;
2025.12.04;19.28.57;Export Ascii;0.50;
2025.12.04;19.28.57;Set Title;0.00;
2025.12.04;19.28.58;Export Ascii;0.45;
2025.12.04;19.28.58;Export Ascii;0.45;
2025.12.04;19.28.59;Export Ascii;0.45;
2025.12.04;19.28.59;Export Ascii;0.44;
2025.12.04;19.28.59;Set Title;0.00;
2025.12.04;19.29.00;Export Ascii;0.48;
2025.12.04;19.29.01;Export Ascii;0.47;
2025.12.04;19.29.01;Export Ascii;0.58;
2025.12.04;19.29.02;Export Ascii;0.45;
2025.12.04;19.29.02;Set Title;0.00;
2025.12.04;19.29.03;Export Ascii;0.60;
2025.12.04;19.29.04;Export Ascii;0.45;
2025.12.04;19.29.04;Export Ascii;0.46;
2025.12.04;19.29.05;Export Ascii;0.46;
Data;Time;TaskName;Completion Time in seconds; 2025.12.04;19.36.31;Set Property;0.00;
2025.12.04;19.36.31;Set Property;0.00;
2025.12.04;19.36.31;Set Property;0.00;
2025.12.04;19.36.32;Set Property;0.00;
2025.12.04;19.36.32;Set Property;0.00;
2025.12.04;19.36.32;Set Title;0.00;
2025.12.04;19.36.33;Export Ascii;0.49;
2025.12.04;19.36.34;Export Ascii;0.54;
2025.12.04;19.36.34;Export Ascii;0.62;
2025.12.04;19.36.35;Export Ascii;0.50;
2025.12.04;19.36.36;Set Title;0.00;
2025.12.04;19.36.36;Export Ascii;0.51;
2025.12.04;19.36.37;Export Ascii;0.51;
2025.12.04;19.36.38;Export Ascii;0.63;
2025.12.04;19.36.38;Export Ascii;0.52;
2025.12.04;19.36.39;Set Title;0.00;
2025.12.04;19.36.40;Export Ascii;0.54;
2025.12.04;19.36.40;Export Ascii;0.53;
2025.12.04;19.36.41;Export Ascii;0.53;
2025.12.04;19.36.42;Export Ascii;0.55;
2025.12.04;19.36.42;Set Title;0.00;
2025.12.04;19.36.43;Export Ascii;0.50;
2025.12.04;19.36.44;Export Ascii;0.50;
2025.12.04;19.36.44;Export Ascii;0.50;
2025.12.04;19.36.45;Export Ascii;0.50;
2025.12.04;19.36.45;Set Title;0.00;
2025.12.04;19.36.46;Export Ascii;0.50;
2025.12.04;19.36.46;Export Ascii;0.50;
2025.12.04;19.36.47;Export Ascii;0.53;
2025.12.04;19.36.48;Export Ascii;0.61;
2025.12.04;19.36.48;Set Title;0.00;
2025.12.04;19.36.49;Export Ascii;0.56;
2025.12.04;19.36.50;Export Ascii;0.51;
2025.12.04;19.36.50;Export Ascii;0.54;
2025.12.04;19.36.51;Export Ascii;0.50;
Data;Time;TaskName;Completion Time in seconds; 2025.12.04;19.40.57;Set Property;0.00;
2025.12.04;19.40.57;Set Property;0.00;
2025.12.04;19.40.57;Set Property;0.00;
2025.12.04;19.40.58;Set Property;0.00;
2025.12.04;19.40.58;Set Property;0.00;
2025.12.04;19.40.58;Set Title;0.00;
2025.12.04;19.40.59;Export Ascii;0.53;
2025.12.04;19.41.00;Export Ascii;0.52;
2025.12.04;19.41.01;Export Ascii;0.52;
2025.12.04;19.41.02;Export Ascii;0.52;
2025.12.04;19.41.02;Set Title;0.00;
2025.12.04;19.41.03;Export Ascii;0.50;
2025.12.04;19.41.03;Export Ascii;0.52;
2025.12.04;19.41.04;Export Ascii;0.51;
2025.12.04;19.41.05;Export Ascii;0.52;
2025.12.04;19.41.05;Set Title;0.00;
2025.12.04;19.41.06;Export Ascii;0.54;
2025.12.04;19.41.07;Export Ascii;0.50;
2025.12.04;19.41.07;Export Ascii;0.51;
2025.12.04;19.41.08;Export Ascii;0.58;
2025.12.04;19.41.09;Set Title;0.00;
2025.12.04;19.41.09;Export Ascii;0.50;
2025.12.04;19.41.10;Export Ascii;0.67;
2025.12.04;19.41.11;Export Ascii;0.62;
2025.12.04;19.41.12;Export Ascii;0.61;
2025.12.04;19.41.12;Set Title;0.00;
2025.12.04;19.41.13;Export Ascii;0.63;
2025.12.04;19.41.14;Export Ascii;0.53;
2025.12.04;19.41.14;Export Ascii;0.52;
2025.12.04;19.41.15;Export Ascii;0.53;
2025.12.04;19.41.16;Set Title;0.00;
2025.12.04;19.41.16;Export Ascii;0.52;
2025.12.04;19.41.17;Export Ascii;0.64;
2025.12.04;19.41.18;Export Ascii;0.50;
2025.12.04;19.41.18;Export Ascii;0.51;
Data;Time;TaskName;Completion Time in seconds; 2025.12.04;19.44.40;Set Property;0.00;
2025.12.04;19.44.40;Set Property;0.00;
2025.12.04;19.44.40;Set Property;0.00;
2025.12.04;19.44.41;Set Property;0.00;
2025.12.04;19.44.41;Set Property;0.00;
2025.12.04;19.44.41;Set Title;0.00;
2025.12.04;19.44.42;Export Ascii;0.46;
2025.12.04;19.44.43;Export Ascii;0.46;
2025.12.04;19.44.43;Export Ascii;0.58;
2025.12.04;19.44.44;Export Ascii;0.46;
2025.12.04;19.44.44;Set Title;0.00;
2025.12.04;19.44.45;Export Ascii;0.46;
2025.12.04;19.44.45;Export Ascii;0.46;
2025.12.04;19.44.46;Export Ascii;0.47;
2025.12.04;19.44.46;Export Ascii;0.48;
2025.12.04;19.44.47;Set Title;0.00;
2025.12.04;19.44.47;Export Ascii;0.47;
2025.12.04;19.44.48;Export Ascii;0.49;
2025.12.04;19.44.49;Export Ascii;0.50;
2025.12.04;19.44.49;Export Ascii;0.47;
2025.12.04;19.44.49;Set Title;0.00;
2025.12.04;19.44.50;Export Ascii;0.47;
2025.12.04;19.44.51;Export Ascii;0.46;
2025.12.04;19.44.51;Export Ascii;0.54;
2025.12.04;19.44.52;Export Ascii;0.57;
2025.12.04;19.44.52;Set Title;0.00;
2025.12.04;19.44.53;Export Ascii;0.46;
2025.12.04;19.44.54;Export Ascii;0.46;
2025.12.04;19.44.54;Export Ascii;0.47;
2025.12.04;19.44.55;Export Ascii;0.46;
2025.12.04;19.44.55;Set Title;0.00;
2025.12.04;19.44.56;Export Ascii;0.49;
2025.12.04;19.44.56;Export Ascii;0.58;
2025.12.04;19.44.57;Export Ascii;0.45;
2025.12.04;19.44.58;Export Ascii;0.57;
Data;Time;TaskName;Completion Time in seconds; 2025.12.04;19.59.41;Set Property;0.00;
2025.12.04;19.59.41;Set Property;0.00;
2025.12.04;19.59.41;Set Property;0.00;
2025.12.04;19.59.42;Set Property;0.00;
2025.12.04;19.59.42;Set Property;0.00;
2025.12.04;19.59.42;Set Title;0.00;
2025.12.04;19.59.43;Export Ascii;0.57;
2025.12.04;19.59.44;Export Ascii;0.48;
2025.12.04;19.59.44;Export Ascii;0.47;
2025.12.04;19.59.45;Export Ascii;0.48;
2025.12.04;19.59.45;Set Title;0.00;
2025.12.04;19.59.46;Export Ascii;0.49;
2025.12.04;19.59.47;Export Ascii;0.58;
2025.12.04;19.59.47;Export Ascii;0.49;
2025.12.04;19.59.48;Export Ascii;0.58;
2025.12.04;19.59.48;Set Title;0.00;
2025.12.04;19.59.49;Export Ascii;0.50;
2025.12.04;19.59.50;Export Ascii;0.48;
2025.12.04;19.59.50;Export Ascii;0.49;
2025.12.04;19.59.51;Export Ascii;0.48;
2025.12.04;19.59.51;Set Title;0.00;
2025.12.04;19.59.52;Export Ascii;0.50;
2025.12.04;19.59.52;Export Ascii;0.49;
2025.12.04;19.59.53;Export Ascii;0.50;
2025.12.04;19.59.53;Export Ascii;0.48;
2025.12.04;19.59.53;Set Title;0.00;
2025.12.04;19.59.54;Export Ascii;0.49;
2025.12.04;19.59.55;Export Ascii;0.49;
2025.12.04;19.59.55;Export Ascii;0.46;
2025.12.04;19.59.56;Export Ascii;0.48;
2025.12.04;19.59.56;Set Title;0.00;
2025.12.04;19.59.57;Export Ascii;0.52;
2025.12.04;19.59.58;Export Ascii;0.61;
2025.12.04;19.59.58;Export Ascii;0.50;
2025.12.04;19.59.59;Export Ascii;0.52;
Data;Time;TaskName;Completion Time in seconds; 2025.12.04;20.05.04;Set Property;0.00;
2025.12.04;20.05.05;Set Property;0.00;
2025.12.04;20.05.05;Set Property;0.00;
2025.12.04;20.05.05;Set Property;0.00;
2025.12.04;20.05.05;Set Property;0.00;
2025.12.04;20.05.06;Set Title;0.00;
2025.12.04;20.05.07;Export Ascii;0.58;
2025.12.04;20.05.07;Export Ascii;0.48;
2025.12.04;20.05.08;Export Ascii;0.48;
2025.12.04;20.05.09;Export Ascii;0.59;
2025.12.04;20.05.09;Set Title;0.00;
2025.12.04;20.05.10;Export Ascii;0.46;
2025.12.04;20.05.10;Export Ascii;0.46;
2025.12.04;20.05.11;Export Ascii;0.46;
2025.12.04;20.05.11;Export Ascii;0.48;
2025.12.04;20.05.12;Set Title;0.00;
2025.12.04;20.05.12;Export Ascii;0.52;
2025.12.04;20.05.13;Export Ascii;0.52;
2025.12.04;20.05.14;Export Ascii;0.54;
2025.12.04;20.05.15;Export Ascii;0.50;
2025.12.04;20.05.15;Set Title;0.00;
2025.12.04;20.05.16;Export Ascii;0.48;
2025.12.04;20.05.16;Export Ascii;0.51;
2025.12.04;20.05.17;Export Ascii;0.46;
2025.12.04;20.05.18;Export Ascii;0.56;
2025.12.04;20.05.18;Set Title;0.00;
2025.12.04;20.05.19;Export Ascii;0.50;
2025.12.04;20.05.19;Export Ascii;0.49;
2025.12.04;20.05.20;Export Ascii;0.49;
2025.12.04;20.05.20;Export Ascii;0.48;
2025.12.04;20.05.21;Set Title;0.00;
2025.12.04;20.05.21;Export Ascii;0.49;
2025.12.04;20.05.22;Export Ascii;0.48;
2025.12.04;20.05.22;Export Ascii;0.48;
2025.12.04;20.05.23;Export Ascii;0.48;
Data;Time;TaskName;Completion Time in seconds; 2025.12.04;20.09.32;Set Property;0.00;
2025.12.04;20.09.32;Set Property;0.00;
2025.12.04;20.09.33;Set Property;0.00;
2025.12.04;20.09.33;Set Property;0.00;
2025.12.04;20.09.33;Set Property;0.00;
2025.12.04;20.09.34;Set Title;0.00;
2025.12.04;20.09.34;Export Ascii;0.54;
2025.12.04;20.09.35;Export Ascii;0.54;
2025.12.04;20.09.36;Export Ascii;0.71;
2025.12.04;20.09.37;Export Ascii;0.55;
2025.12.04;20.09.37;Set Title;0.00;
2025.12.04;20.09.38;Export Ascii;0.53;
2025.12.04;20.09.39;Export Ascii;0.77;
2025.12.04;20.09.40;Export Ascii;0.55;
2025.12.04;20.09.40;Export Ascii;0.52;
2025.12.04;20.09.41;Set Title;0.00;
2025.12.04;20.09.42;Export Ascii;0.65;
2025.12.04;20.09.43;Export Ascii;0.55;
2025.12.04;20.09.43;Export Ascii;0.54;
2025.12.04;20.09.44;Export Ascii;0.57;
2025.12.04;20.09.45;Set Title;0.00;
2025.12.04;20.09.45;Export Ascii;0.52;
2025.12.04;20.09.46;Export Ascii;0.55;
2025.12.04;20.09.47;Export Ascii;0.54;
2025.12.04;20.09.48;Export Ascii;0.54;
2025.12.04;20.09.48;Set Title;0.00;
2025.12.04;20.09.49;Export Ascii;0.57;
2025.12.04;20.09.50;Export Ascii;0.53;
2025.12.04;20.09.50;Export Ascii;0.52;
2025.12.04;20.09.51;Export Ascii;0.62;
2025.12.04;20.09.52;Set Title;0.00;
2025.12.04;20.09.53;Export Ascii;0.53;
2025.12.04;20.09.53;Export Ascii;0.53;
2025.12.04;20.09.54;Export Ascii;0.58;
2025.12.04;20.09.55;Export Ascii;0.62;
Data;Time;TaskName;Completion Time in seconds; 2025.12.04;20.13.00;Set Property;0.00;
2025.12.04;20.13.00;Set Property;0.00;
2025.12.04;20.13.01;Set Property;0.00;
2025.12.04;20.13.01;Set Property;0.00;
2025.12.04;20.13.01;Set Property;0.00;
2025.12.04;20.13.02;Set Title;0.00;
2025.12.04;20.13.02;Export Ascii;0.52;
2025.12.04;20.13.03;Export Ascii;0.52;
2025.12.04;20.13.04;Export Ascii;0.53;
2025.12.04;20.13.05;Export Ascii;0.52;
2025.12.04;20.13.05;Set Title;0.00;
2025.12.04;20.13.06;Export Ascii;0.53;
2025.12.04;20.13.07;Export Ascii;0.53;
2025.12.04;20.13.08;Export Ascii;0.51;
2025.12.04;20.13.08;Export Ascii;0.51;
2025.12.04;20.13.09;Set Title;0.00;
2025.12.04;20.13.10;Export Ascii;0.51;
2025.12.04;20.13.10;Export Ascii;0.53;
2025.12.04;20.13.11;Export Ascii;0.63;
2025.12.04;20.13.12;Export Ascii;0.53;
2025.12.04;20.13.12;Set Title;0.00;
2025.12.04;20.13.13;Export Ascii;0.63;
2025.12.04;20.13.14;Export Ascii;0.66;
2025.12.04;20.13.15;Export Ascii;0.54;
2025.12.04;20.13.16;Export Ascii;0.54;
2025.12.04;20.13.16;Set Title;0.00;
2025.12.04;20.13.17;Export Ascii;0.52;
2025.12.04;20.13.18;Export Ascii;0.52;
2025.12.04;20.13.18;Export Ascii;0.51;
2025.12.04;20.13.19;Export Ascii;0.51;
2025.12.04;20.13.20;Set Title;0.00;
2025.12.04;20.13.20;Export Ascii;0.51;
2025.12.04;20.13.21;Export Ascii;0.52;
2025.12.04;20.13.22;Export Ascii;0.62;
2025.12.04;20.13.23;Export Ascii;0.63;
Data;Time;TaskName;Completion Time in seconds; 2025.12.04;20.16.24;Set Property;0.00;
2025.12.04;20.16.24;Set Property;0.00;
2025.12.04;20.16.24;Set Property;0.00;
2025.12.04;20.16.25;Set Property;0.00;
2025.12.04;20.16.25;Set Property;0.00;
2025.12.04;20.16.25;Set Title;0.00;
2025.12.04;20.16.26;Export Ascii;0.52;
2025.12.04;20.16.27;Export Ascii;0.49;
2025.12.04;20.16.27;Export Ascii;0.49;
2025.12.04;20.16.28;Export Ascii;0.51;
2025.12.04;20.16.28;Set Title;0.00;
2025.12.04;20.16.29;Export Ascii;0.51;
2025.12.04;20.16.30;Export Ascii;0.50;
2025.12.04;20.16.30;Export Ascii;0.51;
2025.12.04;20.16.31;Export Ascii;0.53;
2025.12.04;20.16.32;Set Title;0.00;
2025.12.04;20.16.32;Export Ascii;0.50;
2025.12.04;20.16.33;Export Ascii;0.47;
2025.12.04;20.16.33;Export Ascii;0.50;
2025.12.04;20.16.34;Export Ascii;0.51;
2025.12.04;20.16.34;Set Title;0.00;
2025.12.04;20.16.35;Export Ascii;0.54;
2025.12.04;20.16.36;Export Ascii;0.62;
2025.12.04;20.16.37;Export Ascii;0.52;
2025.12.04;20.16.37;Export Ascii;0.51;
2025.12.04;20.16.38;Set Title;0.00;
2025.12.04;20.16.39;Export Ascii;0.49;
2025.12.04;20.16.39;Export Ascii;0.49;
2025.12.04;20.16.40;Export Ascii;0.49;
2025.12.04;20.16.40;Export Ascii;0.48;
2025.12.04;20.16.40;Set Title;0.00;
2025.12.04;20.16.41;Export Ascii;0.49;
2025.12.04;20.16.42;Export Ascii;0.52;
2025.12.04;20.16.43;Export Ascii;0.49;
2025.12.04;20.16.43;Export Ascii;0.49;
Data;Time;TaskName;Completion Time in seconds; 2025.12.04;20.36.04;Set Property;0.00;
2025.12.04;20.36.04;Set Property;0.00;
2025.12.04;20.36.04;Set Property;0.00;
2025.12.04;20.36.05;Set Property;0.00;
2025.12.04;20.36.05;Set Property;0.00;
2025.12.04;20.36.05;Set Title;0.00;
2025.12.04;20.36.06;Export Ascii;0.49;
2025.12.04;20.36.07;Export Ascii;0.48;
2025.12.04;20.36.07;Export Ascii;0.49;
2025.12.04;20.36.08;Export Ascii;0.48;
2025.12.04;20.36.08;Set Title;0.00;
2025.12.04;20.36.09;Export Ascii;0.51;
2025.12.04;20.36.09;Export Ascii;0.52;
2025.12.04;20.36.10;Export Ascii;0.54;
2025.12.04;20.36.11;Export Ascii;0.49;
2025.12.04;20.36.11;Set Title;0.00;
2025.12.04;20.36.12;Export Ascii;0.49;
2025.12.04;20.36.12;Export Ascii;0.50;
2025.12.04;20.36.13;Export Ascii;0.50;
2025.12.04;20.36.13;Export Ascii;0.61;
2025.12.04;20.36.14;Set Title;0.00;
2025.12.04;20.36.15;Export Ascii;0.50;
2025.12.04;20.36.15;Export Ascii;0.52;
2025.12.04;20.36.16;Export Ascii;0.49;
2025.12.04;20.36.16;Export Ascii;0.51;
2025.12.04;20.36.17;Set Title;0.00;
2025.12.04;20.36.17;Export Ascii;0.50;
2025.12.04;20.36.18;Export Ascii;0.51;
2025.12.04;20.36.18;Export Ascii;0.48;
2025.12.04;20.36.19;Export Ascii;0.48;
2025.12.04;20.36.19;Set Title;0.00;
2025.12.04;20.36.20;Export Ascii;0.50;
2025.12.04;20.36.20;Export Ascii;0.51;
2025.12.04;20.36.21;Export Ascii;0.49;
2025.12.04;20.36.21;Export Ascii;0.48;
Data;Time;TaskName;Completion Time in seconds; 2025.12.04;20.44.31;Set Property;0.00;
2025.12.04;20.44.31;Set Property;0.00;
2025.12.04;20.44.31;Set Property;0.00;
2025.12.04;20.44.32;Set Property;0.00;
2025.12.04;20.44.32;Set Property;0.00;
2025.12.04;20.44.32;Set Title;0.00;
2025.12.04;20.44.33;Export Ascii;0.48;
2025.12.04;20.44.34;Export Ascii;0.47;
2025.12.04;20.44.34;Export Ascii;0.49;
2025.12.04;20.44.35;Export Ascii;0.48;
2025.12.04;20.44.35;Set Title;0.00;
2025.12.04;20.44.36;Export Ascii;0.52;
2025.12.04;20.44.37;Export Ascii;0.63;
2025.12.04;20.44.37;Export Ascii;0.51;
2025.12.04;20.44.38;Export Ascii;0.52;
2025.12.04;20.44.38;Set Title;0.00;
2025.12.04;20.44.39;Export Ascii;0.55;
2025.12.04;20.44.40;Export Ascii;0.49;
2025.12.04;20.44.40;Export Ascii;0.64;
2025.12.04;20.44.41;Export Ascii;0.61;
2025.12.04;20.44.42;Set Title;0.00;
2025.12.04;20.44.42;Export Ascii;0.50;
2025.12.04;20.44.43;Export Ascii;0.50;
2025.12.04;20.44.43;Export Ascii;0.51;
2025.12.04;20.44.44;Export Ascii;0.51;
2025.12.04;20.44.44;Set Title;0.00;
2025.12.04;20.44.45;Export Ascii;0.51;
2025.12.04;20.44.46;Export Ascii;0.51;
2025.12.04;20.44.46;Export Ascii;0.50;
2025.12.04;20.44.47;Export Ascii;0.50;
2025.12.04;20.44.47;Set Title;0.00;
2025.12.04;20.44.48;Export Ascii;0.51;
2025.12.04;20.44.49;Export Ascii;0.49;
2025.12.04;20.44.49;Export Ascii;0.51;
2025.12.04;20.44.50;Export Ascii;0.50;
Data;Time;TaskName;Completion Time in seconds; 2025.12.04;20.56.18;Set Property;0.00;
2025.12.04;20.56.18;Set Property;0.00;
2025.12.04;20.56.19;Set Property;0.00;
2025.12.04;20.56.19;Set Property;0.00;
2025.12.04;20.56.19;Set Property;0.00;
2025.12.04;20.56.20;Set Title;0.00;
2025.12.04;20.56.20;Export Ascii;0.49;
2025.12.04;20.56.21;Export Ascii;0.53;
2025.12.04;20.56.22;Export Ascii;0.61;
2025.12.04;20.56.22;Export Ascii;0.49;
2025.12.04;20.56.23;Set Title;0.00;
2025.12.04;20.56.23;Export Ascii;0.48;
2025.12.04;20.56.24;Export Ascii;0.50;
2025.12.04;20.56.24;Export Ascii;0.50;
2025.12.04;20.56.25;Export Ascii;0.48;
2025.12.04;20.56.25;Set Title;0.00;
2025.12.04;20.56.26;Export Ascii;0.52;
2025.12.04;20.56.27;Export Ascii;0.62;
2025.12.04;20.56.28;Export Ascii;0.52;
2025.12.04;20.56.28;Export Ascii;0.52;
2025.12.04;20.56.29;Set Title;0.00;
2025.12.04;20.56.30;Export Ascii;0.52;
2025.12.04;20.56.30;Export Ascii;0.50;
2025.12.04;20.56.31;Export Ascii;0.50;
2025.12.04;20.56.31;Export Ascii;0.52;
2025.12.04;20.56.32;Set Title;0.00;
2025.12.04;20.56.33;Export Ascii;0.52;
2025.12.04;20.56.34;Export Ascii;0.62;
2025.12.04;20.56.34;Export Ascii;0.52;
2025.12.04;20.56.35;Export Ascii;0.51;
2025.12.04;20.56.35;Set Title;0.00;
2025.12.04;20.56.36;Export Ascii;0.61;
2025.12.04;20.56.37;Export Ascii;0.50;
2025.12.04;20.56.38;Export Ascii;0.48;
2025.12.04;20.56.38;Export Ascii;0.51;
Data;Time;TaskName;Completion Time in seconds; 2025.12.04;21.01.46;Set Property;0.00;
2025.12.04;21.01.46;Set Property;0.00;
2025.12.04;21.01.47;Set Property;0.00;
2025.12.04;21.01.47;Set Property;0.00;
2025.12.04;21.01.47;Set Property;0.00;
2025.12.04;21.01.48;Set Title;0.00;
2025.12.04;21.01.48;Export Ascii;0.53;
2025.12.04;21.01.49;Export Ascii;0.51;
2025.12.04;21.01.50;Export Ascii;0.51;
2025.12.04;21.01.50;Export Ascii;0.53;
2025.12.04;21.01.51;Set Title;0.00;
2025.12.04;21.01.52;Export Ascii;0.51;
2025.12.04;21.01.53;Export Ascii;0.54;
2025.12.04;21.01.53;Export Ascii;0.52;
2025.12.04;21.01.54;Export Ascii;0.55;
2025.12.04;21.01.55;Set Title;0.00;
2025.12.04;21.01.55;Export Ascii;0.54;
2025.12.04;21.01.56;Export Ascii;0.53;
2025.12.04;21.01.57;Export Ascii;0.64;
2025.12.04;21.01.58;Export Ascii;0.66;
2025.12.04;21.01.58;Set Title;0.00;
2025.12.04;21.01.59;Export Ascii;0.51;
2025.12.04;21.01.59;Export Ascii;0.51;
2025.12.04;21.02.00;Export Ascii;0.63;
2025.12.04;21.02.01;Export Ascii;0.52;
2025.12.04;21.02.02;Set Title;0.00;
2025.12.04;21.02.02;Export Ascii;0.52;
2025.12.04;21.02.03;Export Ascii;0.51;
2025.12.04;21.02.04;Export Ascii;0.53;
2025.12.04;21.02.04;Export Ascii;0.52;
2025.12.04;21.02.05;Set Title;0.00;
2025.12.04;21.02.06;Export Ascii;0.52;
2025.12.04;21.02.06;Export Ascii;0.51;
2025.12.04;21.02.07;Export Ascii;0.52;
2025.12.04;21.02.08;Export Ascii;0.51;
Data;Time;TaskName;Completion Time in seconds; 2025.12.04;21.11.26;Set Property;0.00;
2025.12.04;21.11.26;Set Property;0.00;
2025.12.04;21.11.27;Set Property;0.00;
2025.12.04;21.11.27;Set Property;0.00;
2025.12.04;21.11.27;Set Property;0.00;
2025.12.04;21.11.28;Set Title;0.00;
2025.12.04;21.11.28;Export Ascii;0.54;
2025.12.04;21.11.29;Export Ascii;0.64;
2025.12.04;21.11.30;Export Ascii;0.63;
2025.12.04;21.11.31;Export Ascii;0.51;
Data;Time;TaskName;Completion Time in seconds; 2025.12.04;21.28.39;Set Property;0.00;
2025.12.04;21.28.39;Set Property;0.00;
2025.12.04;21.28.40;Set Property;0.00;
2025.12.04;21.28.40;Set Property;0.00;
2025.12.04;21.28.40;Set Property;0.00;
2025.12.04;21.28.41;Set Title;0.00;
2025.12.04;21.28.42;Export Ascii;0.59;
2025.12.04;21.28.42;Export Ascii;0.59;
2025.12.04;21.28.43;Export Ascii;0.69;
2025.12.04;21.28.44;Export Ascii;0.69;
2025.12.04;21.28.44;Set Title;0.00;
2025.12.04;21.28.45;Export Ascii;0.60;
2025.12.04;21.28.46;Export Ascii;0.54;
2025.12.04;21.28.47;Export Ascii;0.64;
2025.12.04;21.28.48;Export Ascii;0.66;
2025.12.04;21.28.48;Set Title;0.00;
2025.12.04;21.28.49;Export Ascii;0.53;
2025.12.04;21.28.49;Export Ascii;0.54;
2025.12.04;21.28.50;Export Ascii;0.55;
2025.12.04;21.28.51;Export Ascii;0.55;
2025.12.04;21.28.51;Set Title;0.00;
2025.12.04;21.28.52;Export Ascii;0.69;
2025.12.04;21.28.53;Export Ascii;0.54;
2025.12.04;21.28.54;Export Ascii;0.64;
2025.12.04;21.28.55;Export Ascii;0.55;
2025.12.04;21.28.55;Set Title;0.00;
2025.12.04;21.28.56;Export Ascii;0.54;
2025.12.04;21.28.57;Export Ascii;0.59;
2025.12.04;21.28.57;Export Ascii;0.53;
2025.12.04;21.28.58;Export Ascii;0.53;
2025.12.04;21.28.59;Set Title;0.00;
2025.12.04;21.28.59;Export Ascii;0.55;
2025.12.04;21.29.00;Export Ascii;0.53;
2025.12.04;21.29.01;Export Ascii;0.53;
2025.12.04;21.29.02;Export Ascii;0.54;
Data;Time;TaskName;Completion Time in seconds; 2025.12.04;22.09.24;Set Property;0.00;
2025.12.04;22.09.25;Set Property;0.00;
2025.12.04;22.09.25;Set Property;0.00;
2025.12.04;22.09.25;Set Property;0.00;
2025.12.04;22.09.26;Set Property;0.00;
2025.12.04;22.09.26;Set Title;0.00;
2025.12.04;22.09.27;Export Ascii;0.54;
2025.12.04;22.09.28;Export Ascii;0.60;
2025.12.04;22.09.28;Export Ascii;0.56;
2025.12.04;22.09.29;Export Ascii;0.60;
2025.12.04;22.09.30;Set Title;0.00;
2025.12.04;22.09.30;Export Ascii;0.55;
2025.12.04;22.09.31;Export Ascii;0.53;
2025.12.04;22.09.32;Export Ascii;0.54;
2025.12.04;22.09.33;Export Ascii;0.53;
2025.12.04;22.09.33;Set Title;0.00;
2025.12.04;22.09.34;Export Ascii;0.55;
2025.12.04;22.09.35;Export Ascii;0.58;
2025.12.04;22.09.36;Export Ascii;0.53;
2025.12.04;22.09.36;Export Ascii;0.58;
2025.12.04;22.09.37;Set Title;0.00;
2025.12.04;22.09.38;Export Ascii;0.57;
2025.12.04;22.09.38;Export Ascii;0.59;
2025.12.04;22.09.39;Export Ascii;0.72;
2025.12.04;22.09.40;Export Ascii;0.70;
2025.12.04;22.09.40;Set Title;0.00;
2025.12.04;22.09.41;Export Ascii;0.53;
2025.12.04;22.09.42;Export Ascii;0.55;
2025.12.04;22.09.43;Export Ascii;0.65;
2025.12.04;22.09.44;Export Ascii;0.52;
2025.12.04;22.09.44;Set Title;0.00;
2025.12.04;22.09.45;Export Ascii;0.55;
2025.12.04;22.09.46;Export Ascii;0.65;
2025.12.04;22.09.46;Export Ascii;0.56;
2025.12.04;22.09.47;Export Ascii;0.56;
Data;Time;TaskName;Completion Time in seconds; 2025.12.04;23.53.36;Set Property;0.00;
2025.12.04;23.53.36;Set Property;0.00;
2025.12.04;23.53.37;Set Property;0.00;
2025.12.04;23.53.37;Set Property;0.00;
2025.12.04;23.53.37;Set Property;0.00;
2025.12.04;23.53.38;Set Title;0.00;
2025.12.04;23.53.38;Export Ascii;0.60;
2025.12.04;23.53.39;Export Ascii;0.61;
2025.12.04;23.53.40;Export Ascii;0.68;
2025.12.04;23.53.41;Export Ascii;0.61;
2025.12.04;23.53.41;Set Title;0.00;
2025.12.04;23.53.42;Export Ascii;0.62;
2025.12.04;23.53.43;Export Ascii;0.65;
2025.12.04;23.53.44;Export Ascii;0.62;
2025.12.04;23.53.44;Export Ascii;0.64;
2025.12.04;23.53.45;Set Title;0.00;
2025.12.04;23.53.46;Export Ascii;0.62;
2025.12.04;23.53.46;Export Ascii;0.62;
2025.12.04;23.53.47;Export Ascii;0.61;
2025.12.04;23.53.48;Export Ascii;0.61;
2025.12.04;23.53.48;Set Title;0.00;
2025.12.04;23.53.49;Export Ascii;0.63;
2025.12.04;23.53.50;Export Ascii;0.75;
2025.12.04;23.53.51;Export Ascii;0.61;
2025.12.04;23.53.52;Export Ascii;0.72;
2025.12.04;23.53.52;Set Title;0.00;
2025.12.04;23.53.53;Export Ascii;0.62;
2025.12.04;23.53.54;Export Ascii;0.61;
2025.12.04;23.53.54;Export Ascii;0.62;
2025.12.04;23.53.55;Export Ascii;0.63;
2025.12.04;23.53.56;Set Title;0.00;
2025.12.04;23.53.56;Export Ascii;0.64;
2025.12.04;23.53.57;Export Ascii;0.63;
2025.12.04;23.53.58;Export Ascii;0.73;
2025.12.04;23.53.59;Export Ascii;0.65;
Data;Time;TaskName;Completion Time in seconds; 2025.12.05;00.26.51;Set Property;0.00;
2025.12.05;00.26.51;Set Property;0.00;
2025.12.05;00.26.51;Set Property;0.00;
2025.12.05;00.26.52;Set Property;0.00;
2025.12.05;00.26.52;Set Property;0.00;
2025.12.05;00.26.52;Set Title;0.00;
2025.12.05;00.26.53;Export Ascii;0.64;
2025.12.05;00.26.54;Export Ascii;0.63;
2025.12.05;00.26.55;Export Ascii;0.62;
2025.12.05;00.26.55;Export Ascii;0.62;
2025.12.05;00.26.56;Set Title;0.00;
2025.12.05;00.26.57;Export Ascii;0.63;
2025.12.05;00.26.58;Export Ascii;0.63;
2025.12.05;00.26.58;Export Ascii;0.63;
2025.12.05;00.26.59;Export Ascii;0.64;
2025.12.05;00.26.59;Set Title;0.00;
2025.12.05;00.27.00;Export Ascii;0.62;
2025.12.05;00.27.01;Export Ascii;0.73;
2025.12.05;00.27.02;Export Ascii;0.62;
2025.12.05;00.27.03;Export Ascii;0.62;
2025.12.05;00.27.03;Set Title;0.00;
2025.12.05;00.27.04;Export Ascii;0.64;
2025.12.05;00.27.05;Export Ascii;0.49;
2025.12.05;00.27.05;Export Ascii;0.63;
2025.12.05;00.27.06;Export Ascii;0.77;
2025.12.05;00.27.07;Set Title;0.00;
2025.12.05;00.27.08;Export Ascii;0.69;
2025.12.05;00.27.08;Export Ascii;0.63;
2025.12.05;00.27.09;Export Ascii;0.65;
2025.12.05;00.27.10;Export Ascii;0.63;
2025.12.05;00.27.10;Set Title;0.00;
2025.12.05;00.27.11;Export Ascii;0.65;
2025.12.05;00.27.12;Export Ascii;0.67;
2025.12.05;00.27.13;Export Ascii;0.68;
2025.12.05;00.27.13;Export Ascii;0.67;
Data;Time;TaskName;Completion Time in seconds; 2025.12.05;00.36.20;Set Property;0.00;
2025.12.05;00.36.21;Set Property;0.00;
2025.12.05;00.36.21;Set Property;0.00;
2025.12.05;00.36.21;Set Property;0.00;
2025.12.05;00.36.22;Set Property;0.00;
2025.12.05;00.36.22;Set Title;0.00;
2025.12.05;00.36.23;Export Ascii;0.64;
2025.12.05;00.36.24;Export Ascii;0.65;
2025.12.05;00.36.25;Export Ascii;0.66;
2025.12.05;00.36.25;Export Ascii;0.65;
Data;Time;TaskName;Completion Time in seconds; 2025.12.05;01.31.35;Set Property;0.00;
2025.12.05;01.31.36;Set Property;0.00;
2025.12.05;01.31.36;Set Property;0.00;
2025.12.05;01.31.36;Set Property;0.00;
2025.12.05;01.31.36;Set Property;0.00;
2025.12.05;01.31.37;Set Title;0.00;
2025.12.05;01.31.38;Export Ascii;0.69;
2025.12.05;01.31.39;Export Ascii;0.68;
2025.12.05;01.31.39;Export Ascii;0.67;
2025.12.05;01.31.40;Export Ascii;0.68;
2025.12.05;01.31.40;Set Title;0.00;
2025.12.05;01.31.41;Export Ascii;0.66;
2025.12.05;01.31.42;Export Ascii;0.65;
2025.12.05;01.31.43;Export Ascii;0.65;
2025.12.05;01.31.44;Export Ascii;0.67;
2025.12.05;01.31.44;Set Title;0.00;
2025.12.05;01.31.45;Export Ascii;0.66;
2025.12.05;01.31.46;Export Ascii;0.68;
2025.12.05;01.31.46;Export Ascii;0.72;
2025.12.05;01.31.47;Export Ascii;0.67;
2025.12.05;01.31.48;Set Title;0.00;
2025.12.05;01.31.49;Export Ascii;0.67;
2025.12.05;01.31.49;Export Ascii;0.67;
2025.12.05;01.31.50;Export Ascii;0.76;
2025.12.05;01.31.51;Export Ascii;0.67;
2025.12.05;01.31.51;Set Title;0.00;
2025.12.05;01.31.52;Export Ascii;0.70;
2025.12.05;01.31.53;Export Ascii;0.70;
2025.12.05;01.31.54;Export Ascii;0.68;
2025.12.05;01.31.54;Export Ascii;0.69;
2025.12.05;01.31.55;Set Title;0.00;
2025.12.05;01.31.56;Export Ascii;0.67;
2025.12.05;01.31.56;Export Ascii;0.68;
2025.12.05;01.31.57;Export Ascii;0.65;
2025.12.05;01.31.58;Export Ascii;0.66;
Data;Time;TaskName;Completion Time in seconds; 